timestamp,url,status,duration_ms,group
2025-09-15T18:16:52.653Z,https://www.agro.bayer.com.br/,200,326,primary
2025-09-15T18:16:52.880Z,https://www.agro.bayer.com.br/fale-conosco,200,145,primary
2025-09-15T18:16:53.079Z,https://www.agro.bayer.com.br/impulso-bayer,200,151,primary
2025-09-15T18:16:53.278Z,https://www.agro.bayer.com.br/produtos-protecao-cultivos,200,150,primary
2025-09-15T18:16:53.463Z,https://www.agro.bayer.com.br/valora-milho,200,134,primary
2025-09-15T18:16:53.653Z,https://www.agro.bayer.com.br/pro-carbono,200,156,primary
2025-09-15T18:16:53.817Z,https://www.agro.bayer.com.br/sementes,200,121,primary
2025-09-15T18:16:53.978Z,https://www.agro.bayer.com.br/d/fungicida-bcs-xivana-smart-br,200,120,primary
2025-09-15T18:16:54.117Z,https://www.agro.bayer.com.br/d/fungicida-bcs-nativo-plus-br,200,107,primary
2025-09-15T18:16:54.286Z,https://www.agro.bayer.com.br/d/fungicida-bcs-nativo-br,200,119,primary
2025-09-15T18:16:54.471Z,https://www.agro.bayer.com.br/d/inseticida-bcs-sivanto-prime-200-sl-br,200,129,primary
2025-09-15T18:16:54.643Z,https://www.agro.bayer.com.br/d/inseticida-bcs-curbix-200-sc-br,200,117,primary
2025-09-15T18:16:54.806Z,https://www.agro.bayer.com.br/d/herbicida-bcs-roundup-original-mais-br,200,125,primary
2025-09-15T18:16:54.991Z,https://www.agro.bayer.com.br/d/herbicida-bcs-roundup-transorb-r-br,200,129,primary
2025-09-15T18:16:55.148Z,https://www.agro.bayer.com.br/d/herbicida-bcs-roundup-ultra-br,200,118,primary
2025-09-15T18:16:55.318Z,https://www.agro.bayer.com.br/d/herbicida-bcs-roundup-wg-br,200,128,primary
2025-09-15T18:16:56.024Z,https://www.agro.bayer.com.br/marcas/xivana-smart,200,666,primary
2025-09-15T18:16:56.746Z,https://www.agro.bayer.com.br/marcas/nativo-plus,200,686,primary
2025-09-15T18:16:56.917Z,https://www.agro.bayer.com.br/marcas/adengo,200,138,primary
2025-09-15T18:16:57.076Z,https://www.agro.bayer.com.br/marcas/curbix,200,126,primary
2025-09-15T18:16:57.238Z,https://www.agro.bayer.com.br/marcas/fox-xpro,200,128,primary
2025-09-15T18:16:57.407Z,https://www.agro.bayer.com.br/roundup,200,131,primary
2025-09-15T18:16:58.231Z,https://www.agro.bayer.com.br/marcas/verango-prime,200,785,primary
2025-09-15T18:16:58.383Z,https://www.agro.bayer.com.br/d/nematicida-bcs-verango-prime-br,200,118,primary
2025-09-15T18:16:58.532Z,https://www.agro.bayer.com.br/d/fungicida-bcs-verango-prime-fungicida-br,200,119,primary
2025-09-15T18:16:59.671Z,https://www.agro.bayer.com.br/cafeicultura,200,1094,primary
2025-09-15T18:17:00.759Z,https://www.agro.bayer.com.br/conteudos-do-agro,200,749,primary
2025-09-15T18:17:04.456Z,https://www.agro.bayer.com.br/conteudos,200,3666,primary
2025-09-15T18:17:07.599Z,https://www.agro.bayer.com.br/conteudos-impulso-bayer,200,3076,primary
2025-09-15T18:17:07.769Z,https://www.agro.bayer.com.br/seedgrowth,200,119,primary
2025-09-15T18:17:07.955Z,https://www.agro.bayer.com.br/bayer-directo,200,129,primary
2025-09-15T18:17:08.579Z,https://www.agro.bayer.com.br/agricultura-digital,200,580,primary
2025-09-15T18:17:09.341Z,https://www.agro.bayer.com.br/cashback/como-funciona,200,731,primary
2025-09-15T18:17:12.498Z,https://www.agro.bayer.com.br/alvos-e-culturas,200,3113,primary
2025-09-15T18:17:12.685Z,https://www.agro.bayer.com.br/marcas/agroeste,200,119,primary
2025-09-15T18:17:12.879Z,https://www.agro.bayer.com.br/marcas/dekalb,200,145,primary
2025-09-15T18:17:13.041Z,https://www.agro.bayer.com.br/marcas/deltapine,200,122,primary
2025-09-15T18:17:13.213Z,https://www.agro.bayer.com.br/marcas/monsoy,200,134,primary
2025-09-15T18:17:13.366Z,https://www.agro.bayer.com.br/marcas/agroceres,200,121,primary
2025-09-15T18:25:22.275Z,https://www.agro.bayer.com.br/,200,328,primary
2025-09-15T18:25:22.783Z,https://www.agro.bayer.com.br/fale-conosco,200,134,primary
2025-09-15T18:25:22.957Z,https://www.agro.bayer.com.br/impulso-bayer,200,136,primary
2025-09-15T18:25:23.144Z,https://www.agro.bayer.com.br/produtos-protecao-cultivos,200,144,primary
2025-09-15T18:25:23.310Z,https://www.agro.bayer.com.br/valora-milho,200,126,primary
2025-09-15T18:25:23.465Z,https://www.agro.bayer.com.br/pro-carbono,200,119,primary
2025-09-15T18:25:23.593Z,https://www.agro.bayer.com.br/sementes,200,104,primary
2025-09-15T18:25:23.725Z,https://www.agro.bayer.com.br/d/fungicida-bcs-xivana-smart-br,200,103,primary
2025-09-15T18:25:23.863Z,https://www.agro.bayer.com.br/d/fungicida-bcs-nativo-plus-br,200,109,primary
2025-09-15T18:25:23.994Z,https://www.agro.bayer.com.br/d/fungicida-bcs-nativo-br,200,104,primary
2025-09-15T18:25:24.124Z,https://www.agro.bayer.com.br/d/inseticida-bcs-sivanto-prime-200-sl-br,200,103,primary
2025-09-15T18:25:24.260Z,https://www.agro.bayer.com.br/d/inseticida-bcs-curbix-200-sc-br,200,108,primary
2025-09-15T18:25:24.397Z,https://www.agro.bayer.com.br/d/herbicida-bcs-roundup-original-mais-br,200,111,primary
2025-09-15T18:25:24.534Z,https://www.agro.bayer.com.br/d/herbicida-bcs-roundup-transorb-r-br,200,103,primary
2025-09-15T18:25:24.678Z,https://www.agro.bayer.com.br/d/herbicida-bcs-roundup-ultra-br,200,113,primary
2025-09-15T18:25:24.818Z,https://www.agro.bayer.com.br/d/herbicida-bcs-roundup-wg-br,200,112,primary
2025-09-15T18:25:24.957Z,https://www.agro.bayer.com.br/marcas/xivana-smart,200,107,primary
2025-09-15T18:25:25.101Z,https://www.agro.bayer.com.br/marcas/nativo-plus,200,116,primary
2025-09-15T18:25:25.240Z,https://www.agro.bayer.com.br/marcas/adengo,200,116,primary
2025-09-15T18:25:25.396Z,https://www.agro.bayer.com.br/marcas/curbix,200,127,primary
2025-09-15T18:25:25.548Z,https://www.agro.bayer.com.br/marcas/fox-xpro,200,123,primary
2025-09-15T18:25:25.701Z,https://www.agro.bayer.com.br/roundup,200,128,primary
2025-09-15T18:25:25.845Z,https://www.agro.bayer.com.br/marcas/verango-prime,200,121,primary
2025-09-15T18:25:25.973Z,https://www.agro.bayer.com.br/d/nematicida-bcs-verango-prime-br,200,102,primary
2025-09-15T18:25:26.106Z,https://www.agro.bayer.com.br/d/fungicida-bcs-verango-prime-fungicida-br,200,102,primary
2025-09-15T18:25:26.259Z,https://www.agro.bayer.com.br/cafeicultura,200,124,primary
2025-09-15T18:25:26.420Z,https://www.agro.bayer.com.br/conteudos-do-agro,200,111,primary
2025-09-15T18:25:26.589Z,https://www.agro.bayer.com.br/conteudos,200,132,primary
2025-09-15T18:25:26.755Z,https://www.agro.bayer.com.br/conteudos-impulso-bayer,200,138,primary
2025-09-15T18:25:26.889Z,https://www.agro.bayer.com.br/seedgrowth,200,108,primary
2025-09-15T18:25:27.032Z,https://www.agro.bayer.com.br/bayer-directo,200,116,primary
2025-09-15T18:25:27.168Z,https://www.agro.bayer.com.br/agricultura-digital,200,110,primary
2025-09-15T18:25:27.312Z,https://www.agro.bayer.com.br/cashback/como-funciona,200,112,primary
2025-09-15T18:25:27.470Z,https://www.agro.bayer.com.br/alvos-e-culturas,200,129,primary
2025-09-15T18:25:27.619Z,https://www.agro.bayer.com.br/marcas/agroeste,200,119,primary
2025-09-15T18:25:27.751Z,https://www.agro.bayer.com.br/marcas/dekalb,200,109,primary
2025-09-15T18:25:27.879Z,https://www.agro.bayer.com.br/marcas/deltapine,200,105,primary
2025-09-15T18:25:28.028Z,https://www.agro.bayer.com.br/marcas/monsoy,200,124,primary
2025-09-15T18:25:28.173Z,https://www.agro.bayer.com.br/marcas/agroceres,200,116,primary
2025-09-15T18:47:38.294Z,https://www.agro.bayer.com.br/,200,289,primary
2025-09-15T18:47:38.458Z,https://www.agro.bayer.com.br/fale-conosco,200,115,primary
2025-09-15T18:47:38.613Z,https://www.agro.bayer.com.br/impulso-bayer,200,120,primary
2025-09-15T18:47:38.750Z,https://www.agro.bayer.com.br/produtos-protecao-cultivos,200,101,primary
2025-09-15T18:47:40.321Z,https://www.agro.bayer.com.br/valora-milho,200,1530,primary
2025-09-15T18:47:42.061Z,https://www.agro.bayer.com.br/pro-carbono,200,1685,primary
2025-09-15T18:47:42.191Z,https://www.agro.bayer.com.br/sementes,200,91,primary
2025-09-15T18:47:44.442Z,https://www.agro.bayer.com.br/d/fungicida-bcs-xivana-smart-br,200,2220,primary
2025-09-15T18:47:44.580Z,https://www.agro.bayer.com.br/d/fungicida-bcs-nativo-plus-br,200,105,primary
2025-09-15T18:47:44.733Z,https://www.agro.bayer.com.br/d/fungicida-bcs-nativo-br,200,88,primary
2025-09-15T18:47:44.861Z,https://www.agro.bayer.com.br/d/inseticida-bcs-sivanto-prime-200-sl-br,200,94,primary
2025-09-15T18:47:44.981Z,https://www.agro.bayer.com.br/d/inseticida-bcs-curbix-200-sc-br,200,90,primary
2025-09-15T18:47:45.120Z,https://www.agro.bayer.com.br/d/herbicida-bcs-roundup-original-mais-br,200,104,primary
2025-09-15T18:47:45.248Z,https://www.agro.bayer.com.br/d/herbicida-bcs-roundup-transorb-r-br,200,96,primary
2025-09-15T18:47:46.711Z,https://www.agro.bayer.com.br/d/herbicida-bcs-roundup-ultra-br,200,1436,primary
2025-09-15T18:47:46.841Z,https://www.agro.bayer.com.br/d/herbicida-bcs-roundup-wg-br,200,92,primary
2025-09-15T18:47:46.985Z,https://www.agro.bayer.com.br/marcas/xivana-smart,200,103,primary
2025-09-15T18:47:48.604Z,https://www.agro.bayer.com.br/marcas/nativo-plus,200,1589,primary
2025-09-15T18:47:48.741Z,https://www.agro.bayer.com.br/marcas/adengo,200,100,primary
2025-09-15T18:47:48.887Z,https://www.agro.bayer.com.br/marcas/curbix,200,110,primary
2025-09-15T18:47:49.023Z,https://www.agro.bayer.com.br/marcas/fox-xpro,200,104,primary
2025-09-15T18:47:49.159Z,https://www.agro.bayer.com.br/roundup,200,106,primary
2025-09-15T18:47:49.296Z,https://www.agro.bayer.com.br/marcas/verango-prime,200,104,primary
2025-09-15T18:47:49.414Z,https://www.agro.bayer.com.br/d/nematicida-bcs-verango-prime-br,200,89,primary
2025-09-15T18:47:51.325Z,https://www.agro.bayer.com.br/d/fungicida-bcs-verango-prime-fungicida-br,200,1883,primary
2025-09-15T18:47:53.134Z,https://www.agro.bayer.com.br/cafeicultura,200,1763,primary
2025-09-15T18:47:54.830Z,https://www.agro.bayer.com.br/conteudos-do-agro,200,1655,primary
2025-09-15T18:47:58.794Z,https://www.agro.bayer.com.br/conteudos,200,3930,primary
2025-09-15T18:47:59.759Z,https://www.agro.bayer.com.br/conteudos-impulso-bayer,200,902,primary
2025-09-15T18:48:01.404Z,https://www.agro.bayer.com.br/seedgrowth,200,1618,primary
2025-09-15T18:48:03.256Z,https://www.agro.bayer.com.br/bayer-directo,200,1803,primary
2025-09-15T18:48:05.243Z,https://www.agro.bayer.com.br/agricultura-digital,200,1950,primary
2025-09-15T18:48:06.989Z,https://www.agro.bayer.com.br/cashback/como-funciona,200,1702,primary
2025-09-15T18:48:11.556Z,https://www.agro.bayer.com.br/alvos-e-culturas,200,4531,primary
2025-09-15T18:48:11.717Z,https://www.agro.bayer.com.br/marcas/agroeste,200,113,primary
2025-09-15T18:48:11.881Z,https://www.agro.bayer.com.br/marcas/dekalb,200,106,primary
2025-09-15T18:48:13.705Z,https://www.agro.bayer.com.br/marcas/deltapine,200,1797,primary
2025-09-15T18:48:13.866Z,https://www.agro.bayer.com.br/marcas/monsoy,200,119,primary
2025-09-15T18:48:14.004Z,https://www.agro.bayer.com.br/marcas/agroceres,200,107,primary
2025-09-15T19:01:04.230Z,https://www.agro.bayer.com.br/,200,328,primary
2025-09-15T19:01:05.372Z,https://www.agro.bayer.com.br/fale-conosco,200,1093,primary
2025-09-15T19:01:05.570Z,https://www.agro.bayer.com.br/impulso-bayer,200,140,primary
2025-09-15T19:01:05.735Z,https://www.agro.bayer.com.br/produtos-protecao-cultivos,200,133,primary
2025-09-15T19:01:07.554Z,https://www.agro.bayer.com.br/valora-milho,200,1744,primary
2025-09-15T19:01:09.217Z,https://www.agro.bayer.com.br/pro-carbono,200,1622,primary
2025-09-15T19:01:09.348Z,https://www.agro.bayer.com.br/sementes,200,95,primary
2025-09-15T19:01:09.483Z,https://www.agro.bayer.com.br/d/fungicida-bcs-xivana-smart-br,200,106,primary
2025-09-15T19:01:09.608Z,https://www.agro.bayer.com.br/d/fungicida-bcs-nativo-plus-br,200,96,primary
2025-09-15T19:01:09.735Z,https://www.agro.bayer.com.br/d/fungicida-bcs-nativo-br,200,96,primary
2025-09-15T19:01:09.880Z,https://www.agro.bayer.com.br/d/inseticida-bcs-sivanto-prime-200-sl-br,200,107,primary
2025-09-15T19:01:10.091Z,https://www.agro.bayer.com.br/d/inseticida-bcs-curbix-200-sc-br,200,95,primary
2025-09-15T19:01:10.219Z,https://www.agro.bayer.com.br/d/herbicida-bcs-roundup-original-mais-br,200,99,primary
2025-09-15T19:01:10.351Z,https://www.agro.bayer.com.br/d/herbicida-bcs-roundup-transorb-r-br,200,100,primary
2025-09-15T19:01:10.513Z,https://www.agro.bayer.com.br/d/herbicida-bcs-roundup-ultra-br,200,128,primary
2025-09-15T19:01:10.644Z,https://www.agro.bayer.com.br/d/herbicida-bcs-roundup-wg-br,200,102,primary
2025-09-15T19:01:10.776Z,https://www.agro.bayer.com.br/marcas/xivana-smart,200,103,primary
2025-09-15T19:01:12.550Z,https://www.agro.bayer.com.br/marcas/nativo-plus,200,1741,primary
2025-09-15T19:01:12.694Z,https://www.agro.bayer.com.br/marcas/adengo,200,107,primary
2025-09-15T19:01:12.854Z,https://www.agro.bayer.com.br/marcas/curbix,200,112,primary
2025-09-15T19:01:13.000Z,https://www.agro.bayer.com.br/marcas/fox-xpro,200,116,primary
2025-09-15T19:01:13.144Z,https://www.agro.bayer.com.br/roundup,200,116,primary
2025-09-15T19:01:13.286Z,https://www.agro.bayer.com.br/marcas/verango-prime,200,109,primary
2025-09-15T19:01:13.414Z,https://www.agro.bayer.com.br/d/nematicida-bcs-verango-prime-br,200,95,primary
2025-09-15T19:01:14.898Z,https://www.agro.bayer.com.br/d/fungicida-bcs-verango-prime-fungicida-br,200,1456,primary
2025-09-15T19:01:15.063Z,https://www.agro.bayer.com.br/cafeicultura,200,118,primary
2025-09-15T19:01:16.270Z,https://www.agro.bayer.com.br/conteudos-do-agro,200,1177,primary
2025-09-15T19:01:20.658Z,https://www.agro.bayer.com.br/conteudos,200,4349,primary
2025-09-15T19:01:25.064Z,https://www.agro.bayer.com.br/conteudos-impulso-bayer,200,4358,primary
2025-09-15T19:01:26.810Z,https://www.agro.bayer.com.br/seedgrowth,200,1704,primary
2025-09-15T19:01:28.598Z,https://www.agro.bayer.com.br/bayer-directo,200,1724,primary
2025-09-15T19:01:30.425Z,https://www.agro.bayer.com.br/agricultura-digital,200,1798,primary
2025-09-15T19:01:32.318Z,https://www.agro.bayer.com.br/cashback/como-funciona,200,1817,primary
2025-09-15T19:01:33.805Z,https://www.agro.bayer.com.br/alvos-e-culturas,200,1453,primary
2025-09-15T19:01:33.982Z,https://www.agro.bayer.com.br/marcas/agroeste,200,115,primary
2025-09-15T19:01:34.114Z,https://www.agro.bayer.com.br/marcas/dekalb,200,104,primary
2025-09-15T19:01:35.768Z,https://www.agro.bayer.com.br/marcas/deltapine,200,1626,primary
2025-09-15T19:01:35.924Z,https://www.agro.bayer.com.br/marcas/monsoy,200,116,primary
2025-09-15T19:01:36.058Z,https://www.agro.bayer.com.br/marcas/agroceres,200,105,primary
2025-09-15T19:13:35.246Z,https://www.agro.bayer.com.br/,200,362,primary
2025-09-15T19:13:35.410Z,https://www.agro.bayer.com.br/fale-conosco,200,108,primary
2025-09-15T19:13:35.557Z,https://www.agro.bayer.com.br/impulso-bayer,200,113,primary
2025-09-15T19:13:35.711Z,https://www.agro.bayer.com.br/produtos-protecao-cultivos,200,119,primary
2025-09-15T19:13:35.869Z,https://www.agro.bayer.com.br/valora-milho,200,125,primary
2025-09-15T19:13:36.012Z,https://www.agro.bayer.com.br/pro-carbono,200,110,primary
2025-09-15T19:13:36.137Z,https://www.agro.bayer.com.br/sementes,200,96,primary
2025-09-15T19:13:36.274Z,https://www.agro.bayer.com.br/d/fungicida-bcs-xivana-smart-br,200,98,primary
2025-09-15T19:13:36.401Z,https://www.agro.bayer.com.br/d/fungicida-bcs-nativo-plus-br,200,97,primary
2025-09-15T19:13:36.527Z,https://www.agro.bayer.com.br/d/fungicida-bcs-nativo-br,200,95,primary
2025-09-15T19:13:36.651Z,https://www.agro.bayer.com.br/d/inseticida-bcs-sivanto-prime-200-sl-br,200,94,primary
2025-09-15T19:13:36.778Z,https://www.agro.bayer.com.br/d/inseticida-bcs-curbix-200-sc-br,200,95,primary
2025-09-15T19:13:36.942Z,https://www.agro.bayer.com.br/d/herbicida-bcs-roundup-original-mais-br,200,103,primary
2025-09-15T19:13:37.065Z,https://www.agro.bayer.com.br/d/herbicida-bcs-roundup-transorb-r-br,200,94,primary
2025-09-15T19:13:37.187Z,https://www.agro.bayer.com.br/d/herbicida-bcs-roundup-ultra-br,200,95,primary
2025-09-15T19:13:37.313Z,https://www.agro.bayer.com.br/d/herbicida-bcs-roundup-wg-br,200,97,primary
2025-09-15T19:13:37.446Z,https://www.agro.bayer.com.br/marcas/xivana-smart,200,105,primary
2025-09-15T19:13:37.578Z,https://www.agro.bayer.com.br/marcas/nativo-plus,200,103,primary
2025-09-15T19:13:37.707Z,https://www.agro.bayer.com.br/marcas/adengo,200,100,primary
2025-09-15T19:13:37.842Z,https://www.agro.bayer.com.br/marcas/curbix,200,104,primary
2025-09-15T19:13:37.978Z,https://www.agro.bayer.com.br/marcas/fox-xpro,200,108,primary
2025-09-15T19:13:38.123Z,https://www.agro.bayer.com.br/roundup,200,115,primary
2025-09-15T19:13:38.265Z,https://www.agro.bayer.com.br/marcas/verango-prime,200,106,primary
2025-09-15T19:13:38.389Z,https://www.agro.bayer.com.br/d/nematicida-bcs-verango-prime-br,200,96,primary
2025-09-15T19:13:38.524Z,https://www.agro.bayer.com.br/d/fungicida-bcs-verango-prime-fungicida-br,200,104,primary
2025-09-15T19:13:38.663Z,https://www.agro.bayer.com.br/cafeicultura,200,109,primary
2025-09-15T19:13:38.799Z,https://www.agro.bayer.com.br/conteudos-do-agro,200,108,primary
2025-09-15T19:13:38.939Z,https://www.agro.bayer.com.br/conteudos,200,113,primary
2025-09-15T19:13:39.094Z,https://www.agro.bayer.com.br/conteudos-impulso-bayer,200,125,primary
2025-09-15T19:13:39.217Z,https://www.agro.bayer.com.br/seedgrowth,200,94,primary
2025-09-15T19:13:39.372Z,https://www.agro.bayer.com.br/bayer-directo,200,122,primary
2025-09-15T19:13:39.527Z,https://www.agro.bayer.com.br/agricultura-digital,200,125,primary
2025-09-15T19:13:39.706Z,https://www.agro.bayer.com.br/cashback/como-funciona,200,116,primary
2025-09-15T19:13:39.870Z,https://www.agro.bayer.com.br/alvos-e-culturas,200,135,primary
2025-09-15T19:13:40.012Z,https://www.agro.bayer.com.br/marcas/agroeste,200,113,primary
2025-09-15T19:13:40.144Z,https://www.agro.bayer.com.br/marcas/dekalb,200,105,primary
2025-09-15T19:13:40.270Z,https://www.agro.bayer.com.br/marcas/deltapine,200,97,primary
2025-09-15T19:13:40.407Z,https://www.agro.bayer.com.br/marcas/monsoy,200,113,primary
2025-09-15T19:13:40.543Z,https://www.agro.bayer.com.br/marcas/agroceres,200,107,primary
2025-09-15T19:21:43.912Z,https://www.agro.bayer.com.br/,200,275,primary
2025-09-15T19:21:44.075Z,https://www.agro.bayer.com.br/fale-conosco,200,108,primary
2025-09-15T19:21:44.205Z,https://www.agro.bayer.com.br/impulso-bayer,200,96,primary
2025-09-15T19:21:44.344Z,https://www.agro.bayer.com.br/produtos-protecao-cultivos,200,106,primary
2025-09-15T19:21:44.489Z,https://www.agro.bayer.com.br/valora-milho,200,108,primary
2025-09-15T19:21:44.622Z,https://www.agro.bayer.com.br/pro-carbono,200,97,primary
2025-09-15T19:21:44.740Z,https://www.agro.bayer.com.br/sementes,200,85,primary
2025-09-15T19:21:44.883Z,https://www.agro.bayer.com.br/d/fungicida-bcs-xivana-smart-br,200,83,primary
2025-09-15T19:21:45.000Z,https://www.agro.bayer.com.br/d/fungicida-bcs-nativo-plus-br,200,83,primary
2025-09-15T19:21:45.120Z,https://www.agro.bayer.com.br/d/fungicida-bcs-nativo-br,200,89,primary
2025-09-15T19:21:45.250Z,https://www.agro.bayer.com.br/d/inseticida-bcs-sivanto-prime-200-sl-br,200,95,primary
2025-09-15T19:21:45.366Z,https://www.agro.bayer.com.br/d/inseticida-bcs-curbix-200-sc-br,200,85,primary
2025-09-15T19:21:45.555Z,https://www.agro.bayer.com.br/d/herbicida-bcs-roundup-original-mais-br,200,156,primary
2025-09-15T19:21:45.671Z,https://www.agro.bayer.com.br/d/herbicida-bcs-roundup-transorb-r-br,200,85,primary
2025-09-15T19:21:45.800Z,https://www.agro.bayer.com.br/d/herbicida-bcs-roundup-ultra-br,200,99,primary
2025-09-15T19:21:45.926Z,https://www.agro.bayer.com.br/d/herbicida-bcs-roundup-wg-br,200,94,primary
2025-09-15T19:21:46.046Z,https://www.agro.bayer.com.br/marcas/xivana-smart,200,91,primary
2025-09-15T19:21:46.167Z,https://www.agro.bayer.com.br/marcas/nativo-plus,200,91,primary
2025-09-15T19:21:46.289Z,https://www.agro.bayer.com.br/marcas/adengo,200,91,primary
2025-09-15T19:21:46.413Z,https://www.agro.bayer.com.br/marcas/curbix,200,95,primary
2025-09-15T19:21:46.553Z,https://www.agro.bayer.com.br/marcas/fox-xpro,200,112,primary
2025-09-15T19:21:46.691Z,https://www.agro.bayer.com.br/roundup,200,107,primary
2025-09-15T19:21:46.819Z,https://www.agro.bayer.com.br/marcas/verango-prime,200,99,primary
2025-09-15T19:21:46.931Z,https://www.agro.bayer.com.br/d/nematicida-bcs-verango-prime-br,200,82,primary
2025-09-15T19:21:47.045Z,https://www.agro.bayer.com.br/d/fungicida-bcs-verango-prime-fungicida-br,200,82,primary
2025-09-15T19:21:47.181Z,https://www.agro.bayer.com.br/cafeicultura,200,106,primary
2025-09-15T19:21:47.295Z,https://www.agro.bayer.com.br/conteudos-do-agro,200,86,primary
2025-09-15T19:21:47.445Z,https://www.agro.bayer.com.br/conteudos,200,122,primary
2025-09-15T19:21:47.585Z,https://www.agro.bayer.com.br/conteudos-impulso-bayer,200,111,primary
2025-09-15T19:21:47.703Z,https://www.agro.bayer.com.br/seedgrowth,200,86,primary
2025-09-15T19:21:47.830Z,https://www.agro.bayer.com.br/bayer-directo,200,96,primary
2025-09-15T19:21:47.948Z,https://www.agro.bayer.com.br/agricultura-digital,200,90,primary
2025-09-15T19:21:48.072Z,https://www.agro.bayer.com.br/cashback/como-funciona,200,89,primary
2025-09-15T19:21:48.229Z,https://www.agro.bayer.com.br/alvos-e-culturas,200,127,primary
2025-09-15T19:21:48.361Z,https://www.agro.bayer.com.br/marcas/agroeste,200,103,primary
2025-09-15T19:21:48.485Z,https://www.agro.bayer.com.br/marcas/dekalb,200,95,primary
2025-09-15T19:21:48.603Z,https://www.agro.bayer.com.br/marcas/deltapine,200,88,primary
2025-09-15T19:21:48.736Z,https://www.agro.bayer.com.br/marcas/monsoy,200,102,primary
2025-09-15T19:21:48.863Z,https://www.agro.bayer.com.br/marcas/agroceres,200,96,primary
2025-09-15T19:24:46.735Z,https://www.agro.bayer.com.br/,200,305,primary
2025-09-15T19:24:48.934Z,https://www.agro.bayer.com.br/fale-conosco,200,2145,primary
2025-09-15T19:24:51.261Z,https://www.agro.bayer.com.br/impulso-bayer,200,2222,primary
2025-09-15T19:24:54.311Z,https://www.agro.bayer.com.br/produtos-protecao-cultivos,200,3009,primary
2025-09-15T19:24:56.673Z,https://www.agro.bayer.com.br/valora-milho,200,2264,primary
2025-09-15T19:24:58.832Z,https://www.agro.bayer.com.br/pro-carbono,200,2114,primary
2025-09-15T19:25:01.264Z,https://www.agro.bayer.com.br/sementes,200,2393,primary
2025-09-15T19:25:03.833Z,https://www.agro.bayer.com.br/d/fungicida-bcs-xivana-smart-br,200,2527,primary
2025-09-15T19:25:06.135Z,https://www.agro.bayer.com.br/d/fungicida-bcs-nativo-plus-br,200,2264,primary
2025-09-15T19:25:08.620Z,https://www.agro.bayer.com.br/d/fungicida-bcs-nativo-br,200,2445,primary
2025-09-15T19:25:10.970Z,https://www.agro.bayer.com.br/d/inseticida-bcs-sivanto-prime-200-sl-br,200,2311,primary
2025-09-15T19:25:13.416Z,https://www.agro.bayer.com.br/d/inseticida-bcs-curbix-200-sc-br,200,2407,primary
2025-09-15T19:25:15.684Z,https://www.agro.bayer.com.br/d/herbicida-bcs-roundup-original-mais-br,200,2227,primary
2025-09-15T19:25:17.430Z,https://www.agro.bayer.com.br/d/herbicida-bcs-roundup-transorb-r-br,200,1683,primary
2025-09-15T19:25:19.807Z,https://www.agro.bayer.com.br/d/herbicida-bcs-roundup-ultra-br,200,2340,primary
2025-09-15T19:25:22.183Z,https://www.agro.bayer.com.br/d/herbicida-bcs-roundup-wg-br,200,2340,primary
2025-09-15T19:25:24.269Z,https://www.agro.bayer.com.br/marcas/xivana-smart,200,2042,primary
2025-09-15T19:25:26.363Z,https://www.agro.bayer.com.br/marcas/nativo-plus,200,2047,primary
2025-09-15T19:25:28.471Z,https://www.agro.bayer.com.br/marcas/adengo,200,2064,primary
2025-09-15T19:25:30.601Z,https://www.agro.bayer.com.br/marcas/curbix,200,2093,primary
2025-09-15T19:25:32.965Z,https://www.agro.bayer.com.br/marcas/fox-xpro,200,2325,primary
2025-09-15T19:25:35.254Z,https://www.agro.bayer.com.br/roundup,200,2251,primary
2025-09-15T19:25:37.384Z,https://www.agro.bayer.com.br/marcas/verango-prime,200,2093,primary
2025-09-15T19:25:39.877Z,https://www.agro.bayer.com.br/d/nematicida-bcs-verango-prime-br,200,2440,primary
2025-09-15T19:25:42.478Z,https://www.agro.bayer.com.br/d/fungicida-bcs-verango-prime-fungicida-br,200,2571,primary
2025-09-15T19:25:44.702Z,https://www.agro.bayer.com.br/cafeicultura,200,2181,primary
2025-09-15T19:25:46.903Z,https://www.agro.bayer.com.br/conteudos-do-agro,200,2163,primary
2025-09-15T19:25:51.685Z,https://www.agro.bayer.com.br/conteudos,200,4745,primary
2025-09-15T19:25:56.320Z,https://www.agro.bayer.com.br/conteudos-impulso-bayer,200,4580,primary
2025-09-15T19:25:57.692Z,https://www.agro.bayer.com.br/seedgrowth,200,1303,primary
2025-09-15T19:26:00.017Z,https://www.agro.bayer.com.br/bayer-directo,200,2293,primary
2025-09-15T19:26:02.223Z,https://www.agro.bayer.com.br/agricultura-digital,200,2134,primary
2025-09-15T19:26:04.364Z,https://www.agro.bayer.com.br/cashback/como-funciona,200,2092,primary
2025-09-15T19:26:08.393Z,https://www.agro.bayer.com.br/alvos-e-culturas,200,3981,primary
2025-09-15T19:26:10.630Z,https://www.agro.bayer.com.br/marcas/agroeste,200,2190,primary
2025-09-15T19:26:12.051Z,https://www.agro.bayer.com.br/marcas/dekalb,200,1380,primary
2025-09-15T19:26:14.314Z,https://www.agro.bayer.com.br/marcas/deltapine,200,2201,primary
2025-09-15T19:26:16.828Z,https://www.agro.bayer.com.br/marcas/monsoy,200,2470,primary
2025-09-15T19:26:19.031Z,https://www.agro.bayer.com.br/marcas/agroceres,200,2139,primary
2025-09-15T19:37:28.439Z,https://www.agro.bayer.com.br/,200,267,primary
2025-09-15T19:37:28.598Z,https://www.agro.bayer.com.br/fale-conosco,200,102,primary
2025-09-15T19:37:28.755Z,https://www.agro.bayer.com.br/impulso-bayer,200,122,primary
2025-09-15T19:37:28.899Z,https://www.agro.bayer.com.br/produtos-protecao-cultivos,200,109,primary
2025-09-15T19:37:29.046Z,https://www.agro.bayer.com.br/valora-milho,200,114,primary
2025-09-15T19:37:29.182Z,https://www.agro.bayer.com.br/pro-carbono,200,101,primary
2025-09-15T19:37:29.304Z,https://www.agro.bayer.com.br/sementes,200,88,primary
2025-09-15T19:37:29.426Z,https://www.agro.bayer.com.br/d/fungicida-bcs-xivana-smart-br,200,88,primary
2025-09-15T19:37:29.548Z,https://www.agro.bayer.com.br/d/fungicida-bcs-nativo-plus-br,200,88,primary
2025-09-15T19:37:29.674Z,https://www.agro.bayer.com.br/d/fungicida-bcs-nativo-br,200,93,primary
2025-09-15T19:37:29.795Z,https://www.agro.bayer.com.br/d/inseticida-bcs-sivanto-prime-200-sl-br,200,88,primary
2025-09-15T19:37:29.935Z,https://www.agro.bayer.com.br/d/inseticida-bcs-curbix-200-sc-br,200,109,primary
2025-09-15T19:37:30.091Z,https://www.agro.bayer.com.br/d/herbicida-bcs-roundup-original-mais-br,200,95,primary
2025-09-15T19:37:30.211Z,https://www.agro.bayer.com.br/d/herbicida-bcs-roundup-transorb-r-br,200,88,primary
2025-09-15T19:37:30.328Z,https://www.agro.bayer.com.br/d/herbicida-bcs-roundup-ultra-br,200,87,primary
2025-09-15T19:37:30.448Z,https://www.agro.bayer.com.br/d/herbicida-bcs-roundup-wg-br,200,90,primary
2025-09-15T19:37:30.580Z,https://www.agro.bayer.com.br/marcas/xivana-smart,200,101,primary
2025-09-15T19:37:30.711Z,https://www.agro.bayer.com.br/marcas/nativo-plus,200,103,primary
2025-09-15T19:37:30.835Z,https://www.agro.bayer.com.br/marcas/adengo,200,94,primary
2025-09-15T19:37:30.973Z,https://www.agro.bayer.com.br/marcas/curbix,200,110,primary
2025-09-15T19:37:31.111Z,https://www.agro.bayer.com.br/marcas/fox-xpro,200,104,primary
2025-09-15T19:37:31.246Z,https://www.agro.bayer.com.br/roundup,200,105,primary
2025-09-15T19:37:31.377Z,https://www.agro.bayer.com.br/marcas/verango-prime,200,101,primary
2025-09-15T19:37:31.495Z,https://www.agro.bayer.com.br/d/nematicida-bcs-verango-prime-br,200,88,primary
2025-09-15T19:37:31.614Z,https://www.agro.bayer.com.br/d/fungicida-bcs-verango-prime-fungicida-br,200,89,primary
2025-09-15T19:37:31.748Z,https://www.agro.bayer.com.br/cafeicultura,200,103,primary
2025-09-15T19:37:31.867Z,https://www.agro.bayer.com.br/conteudos-do-agro,200,90,primary
2025-09-15T19:37:32.004Z,https://www.agro.bayer.com.br/conteudos,200,107,primary
2025-09-15T19:37:32.145Z,https://www.agro.bayer.com.br/conteudos-impulso-bayer,200,108,primary
2025-09-15T19:37:32.310Z,https://www.agro.bayer.com.br/seedgrowth,200,88,primary
2025-09-15T19:37:32.446Z,https://www.agro.bayer.com.br/bayer-directo,200,105,primary
2025-09-15T19:37:32.575Z,https://www.agro.bayer.com.br/agricultura-digital,200,100,primary
2025-09-15T19:37:32.702Z,https://www.agro.bayer.com.br/cashback/como-funciona,200,95,primary
2025-09-15T19:37:32.841Z,https://www.agro.bayer.com.br/alvos-e-culturas,200,110,primary
2025-09-15T19:37:32.985Z,https://www.agro.bayer.com.br/marcas/agroeste,200,113,primary
2025-09-15T19:37:33.115Z,https://www.agro.bayer.com.br/marcas/dekalb,200,102,primary
2025-09-15T19:37:33.239Z,https://www.agro.bayer.com.br/marcas/deltapine,200,94,primary
2025-09-15T19:37:33.376Z,https://www.agro.bayer.com.br/marcas/monsoy,200,105,primary
2025-09-15T19:37:33.507Z,https://www.agro.bayer.com.br/marcas/agroceres,200,101,primary
2025-09-15T20:18:21.485Z,https://www.agro.bayer.com.br/,200,540,primary
2025-09-15T20:18:21.707Z,https://www.agro.bayer.com.br/fale-conosco,200,168,primary
2025-09-15T20:18:21.914Z,https://www.agro.bayer.com.br/impulso-bayer,200,166,primary
2025-09-15T20:18:22.106Z,https://www.agro.bayer.com.br/produtos-protecao-cultivos,200,153,primary
2025-09-15T20:18:22.315Z,https://www.agro.bayer.com.br/valora-milho,200,177,primary
2025-09-15T20:18:22.508Z,https://www.agro.bayer.com.br/pro-carbono,200,156,primary
2025-09-15T20:18:22.687Z,https://www.agro.bayer.com.br/sementes,200,146,primary
2025-09-15T20:18:22.890Z,https://www.agro.bayer.com.br/d/fungicida-bcs-xivana-smart-br,200,168,primary
2025-09-15T20:18:23.064Z,https://www.agro.bayer.com.br/d/fungicida-bcs-nativo-plus-br,200,141,primary
2025-09-15T20:18:23.245Z,https://www.agro.bayer.com.br/d/fungicida-bcs-nativo-br,200,143,primary
2025-09-15T20:18:23.416Z,https://www.agro.bayer.com.br/d/inseticida-bcs-sivanto-prime-200-sl-br,200,140,primary
2025-09-15T20:18:23.638Z,https://www.agro.bayer.com.br/d/inseticida-bcs-curbix-200-sc-br,200,155,primary
2025-09-15T20:18:23.821Z,https://www.agro.bayer.com.br/d/herbicida-bcs-roundup-original-mais-br,200,152,primary
2025-09-15T20:18:23.994Z,https://www.agro.bayer.com.br/d/herbicida-bcs-roundup-transorb-r-br,200,141,primary
2025-09-15T20:18:24.223Z,https://www.agro.bayer.com.br/d/herbicida-bcs-roundup-ultra-br,200,200,primary
2025-09-15T20:18:24.395Z,https://www.agro.bayer.com.br/d/herbicida-bcs-roundup-wg-br,200,142,primary
2025-09-15T20:18:24.579Z,https://www.agro.bayer.com.br/marcas/xivana-smart,200,155,primary
2025-09-15T20:18:24.820Z,https://www.agro.bayer.com.br/marcas/nativo-plus,200,211,primary
2025-09-15T20:18:25.005Z,https://www.agro.bayer.com.br/marcas/adengo,200,153,primary
2025-09-15T20:18:25.187Z,https://www.agro.bayer.com.br/marcas/curbix,200,152,primary
2025-09-15T20:18:25.372Z,https://www.agro.bayer.com.br/marcas/fox-xpro,200,153,primary
2025-09-15T20:18:25.573Z,https://www.agro.bayer.com.br/roundup,200,170,primary
2025-09-15T20:18:25.751Z,https://www.agro.bayer.com.br/marcas/verango-prime,200,149,primary
2025-09-15T20:18:26.051Z,https://www.agro.bayer.com.br/d/nematicida-bcs-verango-prime-br,200,141,primary
2025-09-15T20:18:26.282Z,https://www.agro.bayer.com.br/d/fungicida-bcs-verango-prime-fungicida-br,200,197,primary
2025-09-15T20:18:26.476Z,https://www.agro.bayer.com.br/cafeicultura,200,158,primary
2025-09-15T20:18:26.657Z,https://www.agro.bayer.com.br/conteudos-do-agro,200,149,primary
2025-09-15T20:18:27.001Z,https://www.agro.bayer.com.br/conteudos,200,164,primary
2025-09-15T20:18:27.195Z,https://www.agro.bayer.com.br/conteudos-impulso-bayer,200,159,primary
2025-09-15T20:18:27.376Z,https://www.agro.bayer.com.br/seedgrowth,200,151,primary
2025-09-15T20:18:27.571Z,https://www.agro.bayer.com.br/bayer-directo,200,165,primary
2025-09-15T20:18:27.752Z,https://www.agro.bayer.com.br/agricultura-digital,200,150,primary
2025-09-15T20:18:27.936Z,https://www.agro.bayer.com.br/cashback/como-funciona,200,151,primary
2025-09-15T20:18:28.144Z,https://www.agro.bayer.com.br/alvos-e-culturas,200,175,primary
2025-09-15T20:18:28.372Z,https://www.agro.bayer.com.br/marcas/agroeste,200,155,primary
2025-09-15T20:18:28.552Z,https://www.agro.bayer.com.br/marcas/dekalb,200,149,primary
2025-09-15T20:18:28.739Z,https://www.agro.bayer.com.br/marcas/deltapine,200,155,primary
2025-09-15T20:18:28.984Z,https://www.agro.bayer.com.br/marcas/monsoy,200,214,primary
2025-09-15T20:18:29.167Z,https://www.agro.bayer.com.br/marcas/agroceres,200,150,primary
2025-09-15T20:39:20.931Z,https://www.agro.bayer.com.br/,200,417,primary
2025-09-15T20:39:21.150Z,https://www.agro.bayer.com.br/fale-conosco,200,171,primary
2025-09-15T20:39:21.345Z,https://www.agro.bayer.com.br/impulso-bayer,200,157,primary
2025-09-15T20:39:21.523Z,https://www.agro.bayer.com.br/produtos-protecao-cultivos,200,144,primary
2025-09-15T20:39:21.707Z,https://www.agro.bayer.com.br/valora-milho,200,151,primary
2025-09-15T20:39:21.880Z,https://www.agro.bayer.com.br/pro-carbono,200,140,primary
2025-09-15T20:39:22.037Z,https://www.agro.bayer.com.br/sementes,200,127,primary
2025-09-15T20:39:22.260Z,https://www.agro.bayer.com.br/d/fungicida-bcs-xivana-smart-br,200,190,primary
2025-09-15T20:39:22.430Z,https://www.agro.bayer.com.br/d/fungicida-bcs-nativo-plus-br,200,130,primary
2025-09-15T20:39:22.588Z,https://www.agro.bayer.com.br/d/fungicida-bcs-nativo-br,200,127,primary
2025-09-15T20:39:22.841Z,https://www.agro.bayer.com.br/d/inseticida-bcs-sivanto-prime-200-sl-br,200,227,primary
2025-09-15T20:39:23.015Z,https://www.agro.bayer.com.br/d/inseticida-bcs-curbix-200-sc-br,200,145,primary
2025-09-15T20:39:23.182Z,https://www.agro.bayer.com.br/d/herbicida-bcs-roundup-original-mais-br,200,137,primary
2025-09-15T20:39:23.358Z,https://www.agro.bayer.com.br/d/herbicida-bcs-roundup-transorb-r-br,200,147,primary
2025-09-15T20:39:23.584Z,https://www.agro.bayer.com.br/d/herbicida-bcs-roundup-ultra-br,200,195,primary
2025-09-15T20:39:23.742Z,https://www.agro.bayer.com.br/d/herbicida-bcs-roundup-wg-br,200,130,primary
2025-09-15T20:39:23.899Z,https://www.agro.bayer.com.br/marcas/xivana-smart,200,127,primary
2025-09-15T20:39:24.067Z,https://www.agro.bayer.com.br/marcas/nativo-plus,200,139,primary
2025-09-15T20:39:24.264Z,https://www.agro.bayer.com.br/marcas/adengo,200,141,primary
2025-09-15T20:39:24.435Z,https://www.agro.bayer.com.br/marcas/curbix,200,143,primary
2025-09-15T20:39:24.607Z,https://www.agro.bayer.com.br/marcas/fox-xpro,200,145,primary
2025-09-15T20:39:24.793Z,https://www.agro.bayer.com.br/roundup,200,153,primary
2025-09-15T20:39:24.995Z,https://www.agro.bayer.com.br/marcas/verango-prime,200,170,primary
2025-09-15T20:39:25.151Z,https://www.agro.bayer.com.br/d/nematicida-bcs-verango-prime-br,200,126,primary
2025-09-15T20:39:25.303Z,https://www.agro.bayer.com.br/d/fungicida-bcs-verango-prime-fungicida-br,200,123,primary
2025-09-15T20:39:25.479Z,https://www.agro.bayer.com.br/cafeicultura,200,149,primary
2025-09-15T20:39:25.633Z,https://www.agro.bayer.com.br/conteudos-do-agro,200,127,primary
2025-09-15T20:39:25.808Z,https://www.agro.bayer.com.br/conteudos,200,147,primary
2025-09-15T20:39:25.986Z,https://www.agro.bayer.com.br/conteudos-impulso-bayer,200,147,primary
2025-09-15T20:39:26.149Z,https://www.agro.bayer.com.br/seedgrowth,200,130,primary
2025-09-15T20:39:26.313Z,https://www.agro.bayer.com.br/bayer-directo,200,133,primary
2025-09-15T20:39:26.476Z,https://www.agro.bayer.com.br/agricultura-digital,200,135,primary
2025-09-15T20:39:26.645Z,https://www.agro.bayer.com.br/cashback/como-funciona,200,139,primary
2025-09-15T20:39:26.895Z,https://www.agro.bayer.com.br/alvos-e-culturas,200,220,primary
2025-09-15T20:39:27.068Z,https://www.agro.bayer.com.br/marcas/agroeste,200,145,primary
2025-09-15T20:39:27.266Z,https://www.agro.bayer.com.br/marcas/dekalb,200,137,primary
2025-09-15T20:39:27.423Z,https://www.agro.bayer.com.br/marcas/deltapine,200,127,primary
2025-09-15T20:39:27.605Z,https://www.agro.bayer.com.br/marcas/monsoy,200,149,primary
2025-09-15T20:39:27.786Z,https://www.agro.bayer.com.br/marcas/agroceres,200,155,primary
2025-09-15T21:15:10.449Z,https://www.agro.bayer.com.br/,200,279,primary
2025-09-15T21:15:12.298Z,https://www.agro.bayer.com.br/fale-conosco,200,1783,primary
2025-09-15T21:15:12.518Z,https://www.agro.bayer.com.br/impulso-bayer,200,140,primary
2025-09-15T21:15:12.840Z,https://www.agro.bayer.com.br/produtos-protecao-cultivos,200,120,primary
2025-09-15T21:15:14.890Z,https://www.agro.bayer.com.br/valora-milho,200,1973,primary
2025-09-15T21:15:15.182Z,https://www.agro.bayer.com.br/pro-carbono,200,118,primary
2025-09-15T21:15:15.404Z,https://www.agro.bayer.com.br/sementes,200,178,primary
2025-09-15T21:15:15.564Z,https://www.agro.bayer.com.br/d/fungicida-bcs-xivana-smart-br,200,116,primary
2025-09-15T21:15:17.517Z,https://www.agro.bayer.com.br/d/fungicida-bcs-nativo-plus-br,200,1906,primary
2025-09-15T21:15:17.693Z,https://www.agro.bayer.com.br/d/fungicida-bcs-nativo-br,200,126,primary
2025-09-15T21:15:17.831Z,https://www.agro.bayer.com.br/d/inseticida-bcs-sivanto-prime-200-sl-br,200,99,primary
2025-09-15T21:15:17.971Z,https://www.agro.bayer.com.br/d/inseticida-bcs-curbix-200-sc-br,200,107,primary
2025-09-15T21:15:18.113Z,https://www.agro.bayer.com.br/d/herbicida-bcs-roundup-original-mais-br,200,102,primary
2025-09-15T21:15:18.256Z,https://www.agro.bayer.com.br/d/herbicida-bcs-roundup-transorb-r-br,200,98,primary
2025-09-15T21:15:18.398Z,https://www.agro.bayer.com.br/d/herbicida-bcs-roundup-ultra-br,200,104,primary
2025-09-15T21:15:20.546Z,https://www.agro.bayer.com.br/d/herbicida-bcs-roundup-wg-br,200,2113,primary
2025-09-15T21:15:22.504Z,https://www.agro.bayer.com.br/marcas/xivana-smart,200,1895,primary
2025-09-15T21:15:24.310Z,https://www.agro.bayer.com.br/marcas/nativo-plus,200,1755,primary
2025-09-15T21:15:26.135Z,https://www.agro.bayer.com.br/marcas/adengo,200,1773,primary
2025-09-15T21:15:26.326Z,https://www.agro.bayer.com.br/marcas/curbix,200,141,primary
2025-09-15T21:15:26.526Z,https://www.agro.bayer.com.br/marcas/fox-xpro,200,162,primary
2025-09-15T21:15:26.699Z,https://www.agro.bayer.com.br/roundup,200,123,primary
2025-09-15T21:15:28.381Z,https://www.agro.bayer.com.br/marcas/verango-prime,200,1641,primary
2025-09-15T21:15:28.550Z,https://www.agro.bayer.com.br/d/nematicida-bcs-verango-prime-br,200,111,primary
2025-09-15T21:15:30.496Z,https://www.agro.bayer.com.br/d/fungicida-bcs-verango-prime-fungicida-br,200,1904,primary
2025-09-15T21:15:30.657Z,https://www.agro.bayer.com.br/cafeicultura,200,117,primary
2025-09-15T21:15:32.526Z,https://www.agro.bayer.com.br/conteudos-do-agro,200,1827,primary
2025-09-15T21:15:34.307Z,https://www.agro.bayer.com.br/conteudos,200,1732,primary
2025-09-15T21:15:35.284Z,https://www.agro.bayer.com.br/conteudos-impulso-bayer,200,926,primary
2025-09-15T21:15:35.496Z,https://www.agro.bayer.com.br/seedgrowth,200,130,primary
2025-09-15T21:15:35.692Z,https://www.agro.bayer.com.br/bayer-directo,200,127,primary
2025-09-15T21:15:37.517Z,https://www.agro.bayer.com.br/agricultura-digital,200,1758,primary
2025-09-15T21:15:39.556Z,https://www.agro.bayer.com.br/cashback/como-funciona,200,1996,primary
2025-09-15T21:15:43.124Z,https://www.agro.bayer.com.br/alvos-e-culturas,200,3506,primary
2025-09-15T21:15:43.294Z,https://www.agro.bayer.com.br/marcas/agroeste,200,119,primary
2025-09-15T21:15:45.013Z,https://www.agro.bayer.com.br/marcas/dekalb,200,1669,primary
2025-09-15T21:15:46.507Z,https://www.agro.bayer.com.br/marcas/deltapine,200,1451,primary
2025-09-15T21:15:46.736Z,https://www.agro.bayer.com.br/marcas/monsoy,200,145,primary
2025-09-15T21:15:46.891Z,https://www.agro.bayer.com.br/marcas/agroceres,200,116,primary
2025-09-15T21:36:53.794Z,https://www.agro.bayer.com.br/,200,315,primary
2025-09-15T21:36:56.144Z,https://www.agro.bayer.com.br/fale-conosco,200,2295,primary
2025-09-15T21:36:58.393Z,https://www.agro.bayer.com.br/impulso-bayer,200,2174,primary
2025-09-15T21:37:01.429Z,https://www.agro.bayer.com.br/produtos-protecao-cultivos,200,2991,primary
2025-09-15T21:37:03.742Z,https://www.agro.bayer.com.br/valora-milho,200,2228,primary
2025-09-15T21:37:06.029Z,https://www.agro.bayer.com.br/pro-carbono,200,2242,primary
2025-09-15T21:37:08.585Z,https://www.agro.bayer.com.br/sementes,200,2506,primary
2025-09-15T21:37:11.134Z,https://www.agro.bayer.com.br/d/fungicida-bcs-xivana-smart-br,200,2517,primary
2025-09-15T21:37:13.720Z,https://www.agro.bayer.com.br/d/fungicida-bcs-nativo-plus-br,200,2553,primary
2025-09-15T21:37:16.355Z,https://www.agro.bayer.com.br/d/fungicida-bcs-nativo-br,200,2603,primary
2025-09-15T21:37:18.925Z,https://www.agro.bayer.com.br/d/inseticida-bcs-sivanto-prime-200-sl-br,200,2532,primary
2025-09-15T21:37:21.352Z,https://www.agro.bayer.com.br/d/inseticida-bcs-curbix-200-sc-br,200,2386,primary
2025-09-15T21:37:23.283Z,https://www.agro.bayer.com.br/d/herbicida-bcs-roundup-original-mais-br,200,1856,primary
2025-09-15T21:37:25.644Z,https://www.agro.bayer.com.br/d/herbicida-bcs-roundup-transorb-r-br,200,2318,primary
2025-09-15T21:37:28.175Z,https://www.agro.bayer.com.br/d/herbicida-bcs-roundup-ultra-br,200,2488,primary
2025-09-15T21:37:30.829Z,https://www.agro.bayer.com.br/d/herbicida-bcs-roundup-wg-br,200,2615,primary
2025-09-15T21:37:33.020Z,https://www.agro.bayer.com.br/marcas/xivana-smart,200,2123,primary
2025-09-15T21:37:35.189Z,https://www.agro.bayer.com.br/marcas/nativo-plus,200,2117,primary
2025-09-15T21:37:36.875Z,https://www.agro.bayer.com.br/marcas/adengo,200,1650,primary
2025-09-15T21:37:39.213Z,https://www.agro.bayer.com.br/marcas/curbix,200,2297,primary
2025-09-15T21:37:41.346Z,https://www.agro.bayer.com.br/marcas/fox-xpro,200,2096,primary
2025-09-15T21:37:43.462Z,https://www.agro.bayer.com.br/roundup,200,2061,primary
2025-09-15T21:37:45.743Z,https://www.agro.bayer.com.br/marcas/verango-prime,200,2243,primary
2025-09-15T21:37:48.229Z,https://www.agro.bayer.com.br/d/nematicida-bcs-verango-prime-br,200,2444,primary
2025-09-15T21:37:50.764Z,https://www.agro.bayer.com.br/d/fungicida-bcs-verango-prime-fungicida-br,200,2499,primary
2025-09-15T21:37:53.046Z,https://www.agro.bayer.com.br/cafeicultura,200,2234,primary
2025-09-15T21:37:55.346Z,https://www.agro.bayer.com.br/conteudos-do-agro,200,2263,primary
2025-09-15T21:38:00.015Z,https://www.agro.bayer.com.br/conteudos,200,4620,primary
2025-09-15T21:38:04.709Z,https://www.agro.bayer.com.br/conteudos-impulso-bayer,200,4651,primary
2025-09-15T21:38:06.176Z,https://www.agro.bayer.com.br/seedgrowth,200,1402,primary
2025-09-15T21:38:08.499Z,https://www.agro.bayer.com.br/bayer-directo,200,2284,primary
2025-09-15T21:38:10.893Z,https://www.agro.bayer.com.br/agricultura-digital,200,2345,primary
2025-09-15T21:38:13.102Z,https://www.agro.bayer.com.br/cashback/como-funciona,200,2167,primary
2025-09-15T21:38:15.051Z,https://www.agro.bayer.com.br/alvos-e-culturas,200,1903,primary
2025-09-15T21:38:17.334Z,https://www.agro.bayer.com.br/marcas/agroeste,200,2248,primary
2025-09-15T21:38:18.896Z,https://www.agro.bayer.com.br/marcas/dekalb,200,1524,primary
2025-09-15T21:38:21.053Z,https://www.agro.bayer.com.br/marcas/deltapine,200,2104,primary
2025-09-15T21:38:23.457Z,https://www.agro.bayer.com.br/marcas/monsoy,200,2359,primary
2025-09-15T21:38:25.795Z,https://www.agro.bayer.com.br/marcas/agroceres,200,2296,primary
2025-09-15T22:15:07.775Z,https://www.agro.bayer.com.br/,200,294,primary
2025-09-15T22:15:07.930Z,https://www.agro.bayer.com.br/fale-conosco,200,100,primary
2025-09-15T22:15:09.703Z,https://www.agro.bayer.com.br/impulso-bayer,200,1736,primary
2025-09-15T22:15:09.854Z,https://www.agro.bayer.com.br/produtos-protecao-cultivos,200,104,primary
2025-09-15T22:15:10.023Z,https://www.agro.bayer.com.br/valora-milho,200,126,primary
2025-09-15T22:15:11.693Z,https://www.agro.bayer.com.br/pro-carbono,200,1635,primary
2025-09-15T22:15:11.859Z,https://www.agro.bayer.com.br/sementes,200,92,primary
2025-09-15T22:15:11.988Z,https://www.agro.bayer.com.br/d/fungicida-bcs-xivana-smart-br,200,92,primary
2025-09-15T22:15:12.111Z,https://www.agro.bayer.com.br/d/fungicida-bcs-nativo-plus-br,200,90,primary
2025-09-15T22:15:12.235Z,https://www.agro.bayer.com.br/d/fungicida-bcs-nativo-br,200,88,primary
2025-09-15T22:15:12.362Z,https://www.agro.bayer.com.br/d/inseticida-bcs-sivanto-prime-200-sl-br,200,95,primary
2025-09-15T22:15:12.495Z,https://www.agro.bayer.com.br/d/inseticida-bcs-curbix-200-sc-br,200,96,primary
2025-09-15T22:15:12.625Z,https://www.agro.bayer.com.br/d/herbicida-bcs-roundup-original-mais-br,200,94,primary
2025-09-15T22:15:12.753Z,https://www.agro.bayer.com.br/d/herbicida-bcs-roundup-transorb-r-br,200,97,primary
2025-09-15T22:15:12.977Z,https://www.agro.bayer.com.br/d/herbicida-bcs-roundup-ultra-br,200,92,primary
2025-09-15T22:15:13.107Z,https://www.agro.bayer.com.br/d/herbicida-bcs-roundup-wg-br,200,94,primary
2025-09-15T22:15:13.233Z,https://www.agro.bayer.com.br/marcas/xivana-smart,200,91,primary
2025-09-15T22:15:13.369Z,https://www.agro.bayer.com.br/marcas/nativo-plus,200,103,primary
2025-09-15T22:15:13.634Z,https://www.agro.bayer.com.br/marcas/adengo,200,101,primary
2025-09-15T22:15:13.771Z,https://www.agro.bayer.com.br/marcas/curbix,200,105,primary
2025-09-15T22:15:13.911Z,https://www.agro.bayer.com.br/marcas/fox-xpro,200,110,primary
2025-09-15T22:15:14.064Z,https://www.agro.bayer.com.br/roundup,200,116,primary
2025-09-15T22:15:14.204Z,https://www.agro.bayer.com.br/marcas/verango-prime,200,105,primary
2025-09-15T22:15:14.324Z,https://www.agro.bayer.com.br/d/nematicida-bcs-verango-prime-br,200,90,primary
2025-09-15T22:15:14.441Z,https://www.agro.bayer.com.br/d/fungicida-bcs-verango-prime-fungicida-br,200,87,primary
2025-09-15T22:15:14.585Z,https://www.agro.bayer.com.br/cafeicultura,200,112,primary
2025-09-15T22:15:14.706Z,https://www.agro.bayer.com.br/conteudos-do-agro,200,89,primary
2025-09-15T22:15:14.851Z,https://www.agro.bayer.com.br/conteudos,200,114,primary
2025-09-15T22:15:14.995Z,https://www.agro.bayer.com.br/conteudos-impulso-bayer,200,110,primary
2025-09-15T22:15:16.661Z,https://www.agro.bayer.com.br/seedgrowth,200,1629,primary
2025-09-15T22:15:18.756Z,https://www.agro.bayer.com.br/bayer-directo,200,2025,primary
2025-09-15T22:15:18.907Z,https://www.agro.bayer.com.br/agricultura-digital,200,102,primary
2025-09-15T22:15:19.045Z,https://www.agro.bayer.com.br/cashback/como-funciona,200,104,primary
2025-09-15T22:15:19.197Z,https://www.agro.bayer.com.br/alvos-e-culturas,200,115,primary
2025-09-15T22:15:19.366Z,https://www.agro.bayer.com.br/marcas/agroeste,200,111,primary
2025-09-15T22:15:19.499Z,https://www.agro.bayer.com.br/marcas/dekalb,200,100,primary
2025-09-15T22:15:19.625Z,https://www.agro.bayer.com.br/marcas/deltapine,200,93,primary
2025-09-15T22:15:19.780Z,https://www.agro.bayer.com.br/marcas/monsoy,200,124,primary
2025-09-15T22:15:19.915Z,https://www.agro.bayer.com.br/marcas/agroceres,200,100,primary
2025-09-15T22:38:29.995Z,https://www.agro.bayer.com.br/,200,358,primary
2025-09-15T22:38:31.828Z,https://www.agro.bayer.com.br/fale-conosco,200,1781,primary
2025-09-15T22:38:32.012Z,https://www.agro.bayer.com.br/impulso-bayer,200,128,primary
2025-09-15T22:38:32.162Z,https://www.agro.bayer.com.br/produtos-protecao-cultivos,200,116,primary
2025-09-15T22:38:33.966Z,https://www.agro.bayer.com.br/valora-milho,200,1750,primary
2025-09-15T22:38:35.964Z,https://www.agro.bayer.com.br/pro-carbono,200,1798,primary
2025-09-15T22:38:36.105Z,https://www.agro.bayer.com.br/sementes,200,96,primary
2025-09-15T22:38:38.155Z,https://www.agro.bayer.com.br/d/fungicida-bcs-xivana-smart-br,200,2009,primary
2025-09-15T22:38:39.671Z,https://www.agro.bayer.com.br/d/fungicida-bcs-nativo-plus-br,200,1467,primary
2025-09-15T22:38:39.813Z,https://www.agro.bayer.com.br/d/fungicida-bcs-nativo-br,200,100,primary
2025-09-15T22:38:39.962Z,https://www.agro.bayer.com.br/d/inseticida-bcs-sivanto-prime-200-sl-br,200,106,primary
2025-09-15T22:38:41.938Z,https://www.agro.bayer.com.br/d/inseticida-bcs-curbix-200-sc-br,200,1945,primary
2025-09-15T22:38:42.105Z,https://www.agro.bayer.com.br/d/herbicida-bcs-roundup-original-mais-br,200,116,primary
2025-09-15T22:38:44.430Z,https://www.agro.bayer.com.br/d/herbicida-bcs-roundup-transorb-r-br,200,2282,primary
2025-09-15T22:38:44.591Z,https://www.agro.bayer.com.br/d/herbicida-bcs-roundup-ultra-br,200,96,primary
2025-09-15T22:38:46.604Z,https://www.agro.bayer.com.br/d/herbicida-bcs-roundup-wg-br,200,1975,primary
2025-09-15T22:38:46.808Z,https://www.agro.bayer.com.br/marcas/xivana-smart,200,133,primary
2025-09-15T22:38:48.496Z,https://www.agro.bayer.com.br/marcas/nativo-plus,200,1650,primary
2025-09-15T22:38:48.674Z,https://www.agro.bayer.com.br/marcas/adengo,200,131,primary
2025-09-15T22:38:48.844Z,https://www.agro.bayer.com.br/marcas/curbix,200,114,primary
2025-09-15T22:38:49.004Z,https://www.agro.bayer.com.br/marcas/fox-xpro,200,126,primary
2025-09-15T22:38:49.151Z,https://www.agro.bayer.com.br/roundup,200,118,primary
2025-09-15T22:38:49.306Z,https://www.agro.bayer.com.br/marcas/verango-prime,200,123,primary
2025-09-15T22:38:50.896Z,https://www.agro.bayer.com.br/d/nematicida-bcs-verango-prime-br,200,1560,primary
2025-09-15T22:38:52.983Z,https://www.agro.bayer.com.br/d/fungicida-bcs-verango-prime-fungicida-br,200,2043,primary
2025-09-15T22:38:54.805Z,https://www.agro.bayer.com.br/cafeicultura,200,1779,primary
2025-09-15T22:38:56.506Z,https://www.agro.bayer.com.br/conteudos-do-agro,200,1659,primary
2025-09-15T22:38:56.658Z,https://www.agro.bayer.com.br/conteudos,200,115,primary
2025-09-15T22:39:01.052Z,https://www.agro.bayer.com.br/conteudos-impulso-bayer,200,4346,primary
2025-09-15T22:39:02.690Z,https://www.agro.bayer.com.br/seedgrowth,200,1593,primary
2025-09-15T22:39:04.515Z,https://www.agro.bayer.com.br/bayer-directo,200,1782,primary
2025-09-15T22:39:06.366Z,https://www.agro.bayer.com.br/agricultura-digital,200,1785,primary
2025-09-15T22:39:06.542Z,https://www.agro.bayer.com.br/cashback/como-funciona,200,121,primary
2025-09-15T22:39:10.909Z,https://www.agro.bayer.com.br/alvos-e-culturas,200,4333,primary
2025-09-15T22:39:11.076Z,https://www.agro.bayer.com.br/marcas/agroeste,200,126,primary
2025-09-15T22:39:11.211Z,https://www.agro.bayer.com.br/marcas/dekalb,200,103,primary
2025-09-15T22:39:11.354Z,https://www.agro.bayer.com.br/marcas/deltapine,200,113,primary
2025-09-15T22:39:11.492Z,https://www.agro.bayer.com.br/marcas/monsoy,200,111,primary
2025-09-15T22:39:11.636Z,https://www.agro.bayer.com.br/marcas/agroceres,200,110,primary
2025-09-15T23:15:00.919Z,https://www.agro.bayer.com.br/,200,288,primary
2025-09-15T23:15:01.072Z,https://www.agro.bayer.com.br/fale-conosco,200,100,primary
2025-09-15T23:15:01.224Z,https://www.agro.bayer.com.br/impulso-bayer,200,115,primary
2025-09-15T23:15:01.369Z,https://www.agro.bayer.com.br/produtos-protecao-cultivos,200,109,primary
2025-09-15T23:15:01.542Z,https://www.agro.bayer.com.br/valora-milho,200,135,primary
2025-09-15T23:15:01.681Z,https://www.agro.bayer.com.br/pro-carbono,200,104,primary
2025-09-15T23:15:01.826Z,https://www.agro.bayer.com.br/sementes,200,108,primary
2025-09-15T23:15:01.947Z,https://www.agro.bayer.com.br/d/fungicida-bcs-xivana-smart-br,200,88,primary
2025-09-15T23:15:02.104Z,https://www.agro.bayer.com.br/d/fungicida-bcs-nativo-plus-br,200,87,primary
2025-09-15T23:15:02.246Z,https://www.agro.bayer.com.br/d/fungicida-bcs-nativo-br,200,90,primary
2025-09-15T23:15:02.365Z,https://www.agro.bayer.com.br/d/inseticida-bcs-sivanto-prime-200-sl-br,200,87,primary
2025-09-15T23:15:02.482Z,https://www.agro.bayer.com.br/d/inseticida-bcs-curbix-200-sc-br,200,88,primary
2025-09-15T23:15:02.603Z,https://www.agro.bayer.com.br/d/herbicida-bcs-roundup-original-mais-br,200,91,primary
2025-09-15T23:15:02.739Z,https://www.agro.bayer.com.br/d/herbicida-bcs-roundup-transorb-r-br,200,99,primary
2025-09-15T23:15:02.863Z,https://www.agro.bayer.com.br/d/herbicida-bcs-roundup-ultra-br,200,88,primary
2025-09-15T23:15:02.989Z,https://www.agro.bayer.com.br/d/herbicida-bcs-roundup-wg-br,200,89,primary
2025-09-15T23:15:03.112Z,https://www.agro.bayer.com.br/marcas/xivana-smart,200,91,primary
2025-09-15T23:15:03.244Z,https://www.agro.bayer.com.br/marcas/nativo-plus,200,101,primary
2025-09-15T23:15:03.382Z,https://www.agro.bayer.com.br/marcas/adengo,200,107,primary
2025-09-15T23:15:03.512Z,https://www.agro.bayer.com.br/marcas/curbix,200,100,primary
2025-09-15T23:15:03.658Z,https://www.agro.bayer.com.br/marcas/fox-xpro,200,115,primary
2025-09-15T23:15:03.797Z,https://www.agro.bayer.com.br/roundup,200,108,primary
2025-09-15T23:15:03.942Z,https://www.agro.bayer.com.br/marcas/verango-prime,200,112,primary
2025-09-15T23:15:04.057Z,https://www.agro.bayer.com.br/d/nematicida-bcs-verango-prime-br,200,85,primary
2025-09-15T23:15:04.174Z,https://www.agro.bayer.com.br/d/fungicida-bcs-verango-prime-fungicida-br,200,85,primary
2025-09-15T23:15:04.313Z,https://www.agro.bayer.com.br/cafeicultura,200,106,primary
2025-09-15T23:15:04.430Z,https://www.agro.bayer.com.br/conteudos-do-agro,200,87,primary
2025-09-15T23:15:04.585Z,https://www.agro.bayer.com.br/conteudos,200,122,primary
2025-09-15T23:15:04.726Z,https://www.agro.bayer.com.br/conteudos-impulso-bayer,200,105,primary
2025-09-15T23:15:04.845Z,https://www.agro.bayer.com.br/seedgrowth,200,89,primary
2025-09-15T23:15:04.975Z,https://www.agro.bayer.com.br/bayer-directo,200,98,primary
2025-09-15T23:15:05.103Z,https://www.agro.bayer.com.br/agricultura-digital,200,97,primary
2025-09-15T23:15:05.251Z,https://www.agro.bayer.com.br/cashback/como-funciona,200,109,primary
2025-09-15T23:15:05.398Z,https://www.agro.bayer.com.br/alvos-e-culturas,200,113,primary
2025-09-15T23:15:05.530Z,https://www.agro.bayer.com.br/marcas/agroeste,200,104,primary
2025-09-15T23:15:05.788Z,https://www.agro.bayer.com.br/marcas/dekalb,200,96,primary
2025-09-15T23:15:05.923Z,https://www.agro.bayer.com.br/marcas/deltapine,200,102,primary
2025-09-15T23:15:06.057Z,https://www.agro.bayer.com.br/marcas/monsoy,200,104,primary
2025-09-15T23:15:06.186Z,https://www.agro.bayer.com.br/marcas/agroceres,200,99,primary
2025-09-15T23:36:51.380Z,https://www.agro.bayer.com.br/,200,329,primary
2025-09-15T23:36:53.147Z,https://www.agro.bayer.com.br/fale-conosco,200,1714,primary
2025-09-15T23:36:53.328Z,https://www.agro.bayer.com.br/impulso-bayer,200,128,primary
2025-09-15T23:36:53.473Z,https://www.agro.bayer.com.br/produtos-protecao-cultivos,200,113,primary
2025-09-15T23:36:55.440Z,https://www.agro.bayer.com.br/valora-milho,200,1901,primary
2025-09-15T23:36:55.592Z,https://www.agro.bayer.com.br/pro-carbono,200,107,primary
2025-09-15T23:36:55.720Z,https://www.agro.bayer.com.br/sementes,200,95,primary
2025-09-15T23:36:55.840Z,https://www.agro.bayer.com.br/d/fungicida-bcs-xivana-smart-br,200,88,primary
2025-09-15T23:36:55.973Z,https://www.agro.bayer.com.br/d/fungicida-bcs-nativo-plus-br,200,94,primary
2025-09-15T23:36:56.187Z,https://www.agro.bayer.com.br/d/fungicida-bcs-nativo-br,200,156,primary
2025-09-15T23:36:56.331Z,https://www.agro.bayer.com.br/d/inseticida-bcs-sivanto-prime-200-sl-br,200,93,primary
2025-09-15T23:36:56.452Z,https://www.agro.bayer.com.br/d/inseticida-bcs-curbix-200-sc-br,200,93,primary
2025-09-15T23:36:56.581Z,https://www.agro.bayer.com.br/d/herbicida-bcs-roundup-original-mais-br,200,95,primary
2025-09-15T23:36:56.714Z,https://www.agro.bayer.com.br/d/herbicida-bcs-roundup-transorb-r-br,200,92,primary
2025-09-15T23:36:58.297Z,https://www.agro.bayer.com.br/d/herbicida-bcs-roundup-ultra-br,200,1555,primary
2025-09-15T23:36:58.481Z,https://www.agro.bayer.com.br/d/herbicida-bcs-roundup-wg-br,200,123,primary
2025-09-15T23:36:58.621Z,https://www.agro.bayer.com.br/marcas/xivana-smart,200,101,primary
2025-09-15T23:37:00.217Z,https://www.agro.bayer.com.br/marcas/nativo-plus,200,1541,primary
2025-09-15T23:37:01.687Z,https://www.agro.bayer.com.br/marcas/adengo,200,1431,primary
2025-09-15T23:37:01.851Z,https://www.agro.bayer.com.br/marcas/curbix,200,110,primary
2025-09-15T23:37:01.997Z,https://www.agro.bayer.com.br/marcas/fox-xpro,200,114,primary
2025-09-15T23:37:02.145Z,https://www.agro.bayer.com.br/roundup,200,118,primary
2025-09-15T23:37:02.285Z,https://www.agro.bayer.com.br/marcas/verango-prime,200,111,primary
2025-09-15T23:37:02.411Z,https://www.agro.bayer.com.br/d/nematicida-bcs-verango-prime-br,200,90,primary
2025-09-15T23:37:04.390Z,https://www.agro.bayer.com.br/d/fungicida-bcs-verango-prime-fungicida-br,200,1946,primary
2025-09-15T23:37:06.205Z,https://www.agro.bayer.com.br/cafeicultura,200,1764,primary
2025-09-15T23:37:07.842Z,https://www.agro.bayer.com.br/conteudos-do-agro,200,1592,primary
2025-09-15T23:37:11.922Z,https://www.agro.bayer.com.br/conteudos,200,4049,primary
2025-09-15T23:37:13.365Z,https://www.agro.bayer.com.br/conteudos-impulso-bayer,200,1384,primary
2025-09-15T23:37:13.506Z,https://www.agro.bayer.com.br/seedgrowth,200,106,primary
2025-09-15T23:37:13.640Z,https://www.agro.bayer.com.br/bayer-directo,200,102,primary
2025-09-15T23:37:15.291Z,https://www.agro.bayer.com.br/agricultura-digital,200,1600,primary
2025-09-15T23:37:16.908Z,https://www.agro.bayer.com.br/cashback/como-funciona,200,1566,primary
2025-09-15T23:37:17.877Z,https://www.agro.bayer.com.br/alvos-e-culturas,200,928,primary
2025-09-15T23:37:18.014Z,https://www.agro.bayer.com.br/marcas/agroeste,200,109,primary
2025-09-15T23:37:19.696Z,https://www.agro.bayer.com.br/marcas/dekalb,200,1639,primary
2025-09-15T23:37:21.500Z,https://www.agro.bayer.com.br/marcas/deltapine,200,1774,primary
2025-09-15T23:37:21.649Z,https://www.agro.bayer.com.br/marcas/monsoy,200,108,primary
2025-09-15T23:37:21.803Z,https://www.agro.bayer.com.br/marcas/agroceres,200,100,primary
2025-09-16T01:14:47.079Z,https://www.agro.bayer.com.br/,200,457,primary
2025-09-16T01:14:49.109Z,https://www.agro.bayer.com.br/fale-conosco,200,1974,primary
2025-09-16T01:14:51.193Z,https://www.agro.bayer.com.br/impulso-bayer,200,2015,primary
2025-09-16T01:14:51.367Z,https://www.agro.bayer.com.br/produtos-protecao-cultivos,200,119,primary
2025-09-16T01:14:53.624Z,https://www.agro.bayer.com.br/valora-milho,200,2195,primary
2025-09-16T01:14:53.791Z,https://www.agro.bayer.com.br/pro-carbono,200,122,primary
2025-09-16T01:14:53.953Z,https://www.agro.bayer.com.br/sementes,200,129,primary
2025-09-16T01:14:56.412Z,https://www.agro.bayer.com.br/d/fungicida-bcs-xivana-smart-br,200,2430,primary
2025-09-16T01:14:58.462Z,https://www.agro.bayer.com.br/d/fungicida-bcs-nativo-plus-br,200,1994,primary
2025-09-16T01:14:58.672Z,https://www.agro.bayer.com.br/d/fungicida-bcs-nativo-br,200,153,primary
2025-09-16T01:14:58.872Z,https://www.agro.bayer.com.br/d/inseticida-bcs-sivanto-prime-200-sl-br,200,149,primary
2025-09-16T01:14:59.046Z,https://www.agro.bayer.com.br/d/inseticida-bcs-curbix-200-sc-br,200,132,primary
2025-09-16T01:14:59.208Z,https://www.agro.bayer.com.br/d/herbicida-bcs-roundup-original-mais-br,200,132,primary
2025-09-16T01:14:59.347Z,https://www.agro.bayer.com.br/d/herbicida-bcs-roundup-transorb-r-br,200,106,primary
2025-09-16T01:15:01.531Z,https://www.agro.bayer.com.br/d/herbicida-bcs-roundup-ultra-br,200,2154,primary
2025-09-16T01:15:01.720Z,https://www.agro.bayer.com.br/d/herbicida-bcs-roundup-wg-br,200,139,primary
2025-09-16T01:15:03.773Z,https://www.agro.bayer.com.br/marcas/xivana-smart,200,2024,primary
2025-09-16T01:15:05.340Z,https://www.agro.bayer.com.br/marcas/nativo-plus,200,1510,primary
2025-09-16T01:15:07.263Z,https://www.agro.bayer.com.br/marcas/adengo,200,1887,primary
2025-09-16T01:15:07.474Z,https://www.agro.bayer.com.br/marcas/curbix,200,154,primary
2025-09-16T01:15:09.547Z,https://www.agro.bayer.com.br/marcas/fox-xpro,200,2037,primary
2025-09-16T01:15:09.719Z,https://www.agro.bayer.com.br/roundup,200,127,primary
2025-09-16T01:15:09.909Z,https://www.agro.bayer.com.br/marcas/verango-prime,200,160,primary
2025-09-16T01:15:11.636Z,https://www.agro.bayer.com.br/d/nematicida-bcs-verango-prime-br,200,1697,primary
2025-09-16T01:15:13.982Z,https://www.agro.bayer.com.br/d/fungicida-bcs-verango-prime-fungicida-br,200,2299,primary
2025-09-16T01:15:15.903Z,https://www.agro.bayer.com.br/cafeicultura,200,1886,primary
2025-09-16T01:15:18.159Z,https://www.agro.bayer.com.br/conteudos-do-agro,200,2202,primary
2025-09-16T01:15:23.261Z,https://www.agro.bayer.com.br/conteudos,200,5065,primary
2025-09-16T01:15:24.864Z,https://www.agro.bayer.com.br/conteudos-impulso-bayer,200,1542,primary
2025-09-16T01:15:27.119Z,https://www.agro.bayer.com.br/seedgrowth,200,2210,primary
2025-09-16T01:15:29.111Z,https://www.agro.bayer.com.br/bayer-directo,200,1928,primary
2025-09-16T01:15:31.646Z,https://www.agro.bayer.com.br/agricultura-digital,200,2491,primary
2025-09-16T01:15:33.792Z,https://www.agro.bayer.com.br/cashback/como-funciona,200,2084,primary
2025-09-16T01:15:36.045Z,https://www.agro.bayer.com.br/alvos-e-culturas,200,2217,primary
2025-09-16T01:15:36.256Z,https://www.agro.bayer.com.br/marcas/agroeste,200,146,primary
2025-09-16T01:15:36.395Z,https://www.agro.bayer.com.br/marcas/dekalb,200,111,primary
2025-09-16T01:15:38.199Z,https://www.agro.bayer.com.br/marcas/deltapine,200,1774,primary
2025-09-16T01:15:38.351Z,https://www.agro.bayer.com.br/marcas/monsoy,200,119,primary
2025-09-16T01:15:38.518Z,https://www.agro.bayer.com.br/marcas/agroceres,200,139,primary
2025-09-16T02:41:08.863Z,https://www.agro.bayer.com.br/,200,286,primary
2025-09-16T02:41:10.706Z,https://www.agro.bayer.com.br/fale-conosco,200,1794,primary
2025-09-16T02:41:10.894Z,https://www.agro.bayer.com.br/impulso-bayer,200,125,primary
2025-09-16T02:41:11.044Z,https://www.agro.bayer.com.br/produtos-protecao-cultivos,200,116,primary
2025-09-16T02:41:12.764Z,https://www.agro.bayer.com.br/valora-milho,200,1663,primary
2025-09-16T02:41:13.027Z,https://www.agro.bayer.com.br/pro-carbono,200,223,primary
2025-09-16T02:41:15.261Z,https://www.agro.bayer.com.br/sementes,200,2201,primary
2025-09-16T02:41:17.250Z,https://www.agro.bayer.com.br/d/fungicida-bcs-xivana-smart-br,200,1957,primary
2025-09-16T02:41:17.388Z,https://www.agro.bayer.com.br/d/fungicida-bcs-nativo-plus-br,200,95,primary
2025-09-16T02:41:17.522Z,https://www.agro.bayer.com.br/d/fungicida-bcs-nativo-br,200,102,primary
2025-09-16T02:41:19.344Z,https://www.agro.bayer.com.br/d/inseticida-bcs-sivanto-prime-200-sl-br,200,1788,primary
2025-09-16T02:41:21.230Z,https://www.agro.bayer.com.br/d/inseticida-bcs-curbix-200-sc-br,200,1854,primary
2025-09-16T02:41:21.400Z,https://www.agro.bayer.com.br/d/herbicida-bcs-roundup-original-mais-br,200,99,primary
2025-09-16T02:41:23.453Z,https://www.agro.bayer.com.br/d/herbicida-bcs-roundup-transorb-r-br,200,2003,primary
2025-09-16T02:41:25.397Z,https://www.agro.bayer.com.br/d/herbicida-bcs-roundup-ultra-br,200,1897,primary
2025-09-16T02:41:25.567Z,https://www.agro.bayer.com.br/d/herbicida-bcs-roundup-wg-br,200,104,primary
2025-09-16T02:41:27.275Z,https://www.agro.bayer.com.br/marcas/xivana-smart,200,1669,primary
2025-09-16T02:41:28.913Z,https://www.agro.bayer.com.br/marcas/nativo-plus,200,1597,primary
2025-09-16T02:41:30.627Z,https://www.agro.bayer.com.br/marcas/adengo,200,1663,primary
2025-09-16T02:41:32.336Z,https://www.agro.bayer.com.br/marcas/curbix,200,1676,primary
2025-09-16T02:41:33.613Z,https://www.agro.bayer.com.br/marcas/fox-xpro,200,1233,primary
2025-09-16T02:41:33.792Z,https://www.agro.bayer.com.br/roundup,200,143,primary
2025-09-16T02:41:33.947Z,https://www.agro.bayer.com.br/marcas/verango-prime,200,110,primary
2025-09-16T02:41:34.069Z,https://www.agro.bayer.com.br/d/nematicida-bcs-verango-prime-br,200,93,primary
2025-09-16T02:41:36.156Z,https://www.agro.bayer.com.br/d/fungicida-bcs-verango-prime-fungicida-br,200,2057,primary
2025-09-16T02:41:37.885Z,https://www.agro.bayer.com.br/cafeicultura,200,1688,primary
2025-09-16T02:41:39.069Z,https://www.agro.bayer.com.br/conteudos-do-agro,200,1141,primary
2025-09-16T02:41:43.418Z,https://www.agro.bayer.com.br/conteudos,200,4304,primary
2025-09-16T02:41:47.691Z,https://www.agro.bayer.com.br/conteudos-impulso-bayer,200,4232,primary
2025-09-16T02:41:49.519Z,https://www.agro.bayer.com.br/seedgrowth,200,1766,primary
2025-09-16T02:41:51.260Z,https://www.agro.bayer.com.br/bayer-directo,200,1695,primary
2025-09-16T02:41:53.087Z,https://www.agro.bayer.com.br/agricultura-digital,200,1781,primary
2025-09-16T02:41:54.908Z,https://www.agro.bayer.com.br/cashback/como-funciona,200,1765,primary
2025-09-16T02:41:59.090Z,https://www.agro.bayer.com.br/alvos-e-culturas,200,4148,primary
2025-09-16T02:41:59.252Z,https://www.agro.bayer.com.br/marcas/agroeste,200,112,primary
2025-09-16T02:42:01.145Z,https://www.agro.bayer.com.br/marcas/dekalb,200,1864,primary
2025-09-16T02:42:01.299Z,https://www.agro.bayer.com.br/marcas/deltapine,200,91,primary
2025-09-16T02:42:01.437Z,https://www.agro.bayer.com.br/marcas/monsoy,200,111,primary
2025-09-16T02:42:01.605Z,https://www.agro.bayer.com.br/marcas/agroceres,200,138,primary
2025-09-16T03:28:33.751Z,https://www.agro.bayer.com.br/,200,379,primary
2025-09-16T03:28:35.685Z,https://www.agro.bayer.com.br/fale-conosco,200,1877,primary
2025-09-16T03:28:37.274Z,https://www.agro.bayer.com.br/impulso-bayer,200,1532,primary
2025-09-16T03:28:37.444Z,https://www.agro.bayer.com.br/produtos-protecao-cultivos,200,119,primary
2025-09-16T03:28:39.370Z,https://www.agro.bayer.com.br/valora-milho,200,1779,primary
2025-09-16T03:28:41.289Z,https://www.agro.bayer.com.br/pro-carbono,200,1876,primary
2025-09-16T03:28:44.556Z,https://www.agro.bayer.com.br/sementes,200,3219,primary
2025-09-16T03:28:46.718Z,https://www.agro.bayer.com.br/d/fungicida-bcs-xivana-smart-br,200,2088,primary
2025-09-16T03:28:48.717Z,https://www.agro.bayer.com.br/d/fungicida-bcs-nativo-plus-br,200,1959,primary
2025-09-16T03:28:48.867Z,https://www.agro.bayer.com.br/d/fungicida-bcs-nativo-br,200,100,primary
2025-09-16T03:28:51.115Z,https://www.agro.bayer.com.br/d/inseticida-bcs-sivanto-prime-200-sl-br,200,2217,primary
2025-09-16T03:28:53.282Z,https://www.agro.bayer.com.br/d/inseticida-bcs-curbix-200-sc-br,200,2125,primary
2025-09-16T03:28:53.422Z,https://www.agro.bayer.com.br/d/herbicida-bcs-roundup-original-mais-br,200,92,primary
2025-09-16T03:28:55.759Z,https://www.agro.bayer.com.br/d/herbicida-bcs-roundup-transorb-r-br,200,2304,primary
2025-09-16T03:28:55.910Z,https://www.agro.bayer.com.br/d/herbicida-bcs-roundup-ultra-br,200,101,primary
2025-09-16T03:28:57.938Z,https://www.agro.bayer.com.br/d/herbicida-bcs-roundup-wg-br,200,1997,primary
2025-09-16T03:28:59.723Z,https://www.agro.bayer.com.br/marcas/xivana-smart,200,1731,primary
2025-09-16T03:29:01.070Z,https://www.agro.bayer.com.br/marcas/nativo-plus,200,1307,primary
2025-09-16T03:29:02.797Z,https://www.agro.bayer.com.br/marcas/adengo,200,1678,primary
2025-09-16T03:29:02.929Z,https://www.agro.bayer.com.br/marcas/curbix,200,101,primary
2025-09-16T03:29:04.631Z,https://www.agro.bayer.com.br/marcas/fox-xpro,200,1667,primary
2025-09-16T03:29:04.802Z,https://www.agro.bayer.com.br/roundup,200,138,primary
2025-09-16T03:29:04.954Z,https://www.agro.bayer.com.br/marcas/verango-prime,200,103,primary
2025-09-16T03:29:06.972Z,https://www.agro.bayer.com.br/d/nematicida-bcs-verango-prime-br,200,1983,primary
2025-09-16T03:29:09.056Z,https://www.agro.bayer.com.br/d/fungicida-bcs-verango-prime-fungicida-br,200,2024,primary
2025-09-16T03:29:10.318Z,https://www.agro.bayer.com.br/cafeicultura,200,1213,primary
2025-09-16T03:29:12.099Z,https://www.agro.bayer.com.br/conteudos-do-agro,200,1736,primary
2025-09-16T03:29:16.297Z,https://www.agro.bayer.com.br/conteudos,200,4167,primary
2025-09-16T03:29:20.523Z,https://www.agro.bayer.com.br/conteudos-impulso-bayer,200,4168,primary
2025-09-16T03:29:22.284Z,https://www.agro.bayer.com.br/seedgrowth,200,1722,primary
2025-09-16T03:29:24.530Z,https://www.agro.bayer.com.br/bayer-directo,200,2203,primary
2025-09-16T03:29:26.368Z,https://www.agro.bayer.com.br/agricultura-digital,200,1807,primary
2025-09-16T03:29:28.110Z,https://www.agro.bayer.com.br/cashback/como-funciona,200,1693,primary
2025-09-16T03:29:29.570Z,https://www.agro.bayer.com.br/alvos-e-culturas,200,1405,primary
2025-09-16T03:29:31.391Z,https://www.agro.bayer.com.br/marcas/agroeste,200,1771,primary
2025-09-16T03:29:33.186Z,https://www.agro.bayer.com.br/marcas/dekalb,200,1756,primary
2025-09-16T03:29:33.327Z,https://www.agro.bayer.com.br/marcas/deltapine,200,100,primary
2025-09-16T03:29:33.503Z,https://www.agro.bayer.com.br/marcas/monsoy,200,140,primary
2025-09-16T03:29:35.297Z,https://www.agro.bayer.com.br/marcas/agroceres,200,1762,primary
2025-09-16T03:46:41.802Z,https://www.agro.bayer.com.br/,200,282,primary
2025-09-16T03:46:41.966Z,https://www.agro.bayer.com.br/fale-conosco,200,104,primary
2025-09-16T03:46:42.113Z,https://www.agro.bayer.com.br/impulso-bayer,200,110,primary
2025-09-16T03:46:42.272Z,https://www.agro.bayer.com.br/produtos-protecao-cultivos,200,116,primary
2025-09-16T03:46:42.426Z,https://www.agro.bayer.com.br/valora-milho,200,118,primary
2025-09-16T03:46:42.580Z,https://www.agro.bayer.com.br/pro-carbono,200,121,primary
2025-09-16T03:46:42.709Z,https://www.agro.bayer.com.br/sementes,200,90,primary
2025-09-16T03:46:42.834Z,https://www.agro.bayer.com.br/d/fungicida-bcs-xivana-smart-br,200,92,primary
2025-09-16T03:46:42.963Z,https://www.agro.bayer.com.br/d/fungicida-bcs-nativo-plus-br,200,94,primary
2025-09-16T03:46:43.102Z,https://www.agro.bayer.com.br/d/fungicida-bcs-nativo-br,200,100,primary
2025-09-16T03:46:43.226Z,https://www.agro.bayer.com.br/d/inseticida-bcs-sivanto-prime-200-sl-br,200,89,primary
2025-09-16T03:46:43.367Z,https://www.agro.bayer.com.br/d/inseticida-bcs-curbix-200-sc-br,200,101,primary
2025-09-16T03:46:43.509Z,https://www.agro.bayer.com.br/d/herbicida-bcs-roundup-original-mais-br,200,95,primary
2025-09-16T03:46:43.632Z,https://www.agro.bayer.com.br/d/herbicida-bcs-roundup-transorb-r-br,200,90,primary
2025-09-16T03:46:43.757Z,https://www.agro.bayer.com.br/d/herbicida-bcs-roundup-ultra-br,200,91,primary
2025-09-16T03:46:43.882Z,https://www.agro.bayer.com.br/d/herbicida-bcs-roundup-wg-br,200,92,primary
2025-09-16T03:46:44.001Z,https://www.agro.bayer.com.br/marcas/xivana-smart,200,90,primary
2025-09-16T03:46:44.142Z,https://www.agro.bayer.com.br/marcas/nativo-plus,200,104,primary
2025-09-16T03:46:44.270Z,https://www.agro.bayer.com.br/marcas/adengo,200,98,primary
2025-09-16T03:46:44.403Z,https://www.agro.bayer.com.br/marcas/curbix,200,99,primary
2025-09-16T03:46:44.538Z,https://www.agro.bayer.com.br/marcas/fox-xpro,200,104,primary
2025-09-16T03:46:44.675Z,https://www.agro.bayer.com.br/roundup,200,105,primary
2025-09-16T03:46:46.403Z,https://www.agro.bayer.com.br/marcas/verango-prime,200,1698,primary
2025-09-16T03:46:46.568Z,https://www.agro.bayer.com.br/d/nematicida-bcs-verango-prime-br,200,90,primary
2025-09-16T03:46:46.703Z,https://www.agro.bayer.com.br/d/fungicida-bcs-verango-prime-fungicida-br,200,99,primary
2025-09-16T03:46:46.842Z,https://www.agro.bayer.com.br/cafeicultura,200,105,primary
2025-09-16T03:46:46.984Z,https://www.agro.bayer.com.br/conteudos-do-agro,200,112,primary
2025-09-16T03:46:47.149Z,https://www.agro.bayer.com.br/conteudos,200,111,primary
2025-09-16T03:46:47.293Z,https://www.agro.bayer.com.br/conteudos-impulso-bayer,200,109,primary
2025-09-16T03:46:47.413Z,https://www.agro.bayer.com.br/seedgrowth,200,90,primary
2025-09-16T03:46:47.548Z,https://www.agro.bayer.com.br/bayer-directo,200,106,primary
2025-09-16T03:46:47.680Z,https://www.agro.bayer.com.br/agricultura-digital,200,104,primary
2025-09-16T03:46:47.812Z,https://www.agro.bayer.com.br/cashback/como-funciona,200,102,primary
2025-09-16T03:46:47.987Z,https://www.agro.bayer.com.br/alvos-e-culturas,200,143,primary
2025-09-16T03:46:48.137Z,https://www.agro.bayer.com.br/marcas/agroeste,200,115,primary
2025-09-16T03:46:48.272Z,https://www.agro.bayer.com.br/marcas/dekalb,200,103,primary
2025-09-16T03:46:48.401Z,https://www.agro.bayer.com.br/marcas/deltapine,200,98,primary
2025-09-16T03:46:48.538Z,https://www.agro.bayer.com.br/marcas/monsoy,200,111,primary
2025-09-16T03:46:48.670Z,https://www.agro.bayer.com.br/marcas/agroceres,200,101,primary
2025-09-16T04:19:58.362Z,https://www.agro.bayer.com.br/,200,272,primary
2025-09-16T04:19:58.521Z,https://www.agro.bayer.com.br/fale-conosco,200,100,primary
2025-09-16T04:19:58.681Z,https://www.agro.bayer.com.br/impulso-bayer,200,125,primary
2025-09-16T04:19:58.830Z,https://www.agro.bayer.com.br/produtos-protecao-cultivos,200,112,primary
2025-09-16T04:19:58.975Z,https://www.agro.bayer.com.br/valora-milho,200,111,primary
2025-09-16T04:19:59.110Z,https://www.agro.bayer.com.br/pro-carbono,200,99,primary
2025-09-16T04:19:59.229Z,https://www.agro.bayer.com.br/sementes,200,87,primary
2025-09-16T04:19:59.350Z,https://www.agro.bayer.com.br/d/fungicida-bcs-xivana-smart-br,200,87,primary
2025-09-16T04:19:59.495Z,https://www.agro.bayer.com.br/d/fungicida-bcs-nativo-plus-br,200,87,primary
2025-09-16T04:19:59.616Z,https://www.agro.bayer.com.br/d/fungicida-bcs-nativo-br,200,89,primary
2025-09-16T04:19:59.747Z,https://www.agro.bayer.com.br/d/inseticida-bcs-sivanto-prime-200-sl-br,200,102,primary
2025-09-16T04:19:59.865Z,https://www.agro.bayer.com.br/d/inseticida-bcs-curbix-200-sc-br,200,88,primary
2025-09-16T04:19:59.984Z,https://www.agro.bayer.com.br/d/herbicida-bcs-roundup-original-mais-br,200,90,primary
2025-09-16T04:20:00.103Z,https://www.agro.bayer.com.br/d/herbicida-bcs-roundup-transorb-r-br,200,85,primary
2025-09-16T04:20:00.223Z,https://www.agro.bayer.com.br/d/herbicida-bcs-roundup-ultra-br,200,88,primary
2025-09-16T04:20:00.341Z,https://www.agro.bayer.com.br/d/herbicida-bcs-roundup-wg-br,200,89,primary
2025-09-16T04:20:00.458Z,https://www.agro.bayer.com.br/marcas/xivana-smart,200,87,primary
2025-09-16T04:20:00.588Z,https://www.agro.bayer.com.br/marcas/nativo-plus,200,99,primary
2025-09-16T04:20:00.709Z,https://www.agro.bayer.com.br/marcas/adengo,200,96,primary
2025-09-16T04:20:00.836Z,https://www.agro.bayer.com.br/marcas/curbix,200,96,primary
2025-09-16T04:20:00.969Z,https://www.agro.bayer.com.br/marcas/fox-xpro,200,100,primary
2025-09-16T04:20:01.106Z,https://www.agro.bayer.com.br/roundup,200,104,primary
2025-09-16T04:20:01.238Z,https://www.agro.bayer.com.br/marcas/verango-prime,200,95,primary
2025-09-16T04:20:01.354Z,https://www.agro.bayer.com.br/d/nematicida-bcs-verango-prime-br,200,86,primary
2025-09-16T04:20:01.474Z,https://www.agro.bayer.com.br/d/fungicida-bcs-verango-prime-fungicida-br,200,87,primary
2025-09-16T04:20:01.607Z,https://www.agro.bayer.com.br/cafeicultura,200,102,primary
2025-09-16T04:20:01.724Z,https://www.agro.bayer.com.br/conteudos-do-agro,200,88,primary
2025-09-16T04:20:01.860Z,https://www.agro.bayer.com.br/conteudos,200,107,primary
2025-09-16T04:20:01.996Z,https://www.agro.bayer.com.br/conteudos-impulso-bayer,200,106,primary
2025-09-16T04:20:02.113Z,https://www.agro.bayer.com.br/seedgrowth,200,89,primary
2025-09-16T04:20:02.243Z,https://www.agro.bayer.com.br/bayer-directo,200,101,primary
2025-09-16T04:20:02.370Z,https://www.agro.bayer.com.br/agricultura-digital,200,97,primary
2025-09-16T04:20:02.495Z,https://www.agro.bayer.com.br/cashback/como-funciona,200,99,primary
2025-09-16T04:20:02.637Z,https://www.agro.bayer.com.br/alvos-e-culturas,200,112,primary
2025-09-16T04:20:02.778Z,https://www.agro.bayer.com.br/marcas/agroeste,200,108,primary
2025-09-16T04:20:02.903Z,https://www.agro.bayer.com.br/marcas/dekalb,200,97,primary
2025-09-16T04:20:03.040Z,https://www.agro.bayer.com.br/marcas/deltapine,200,95,primary
2025-09-16T04:20:03.236Z,https://www.agro.bayer.com.br/marcas/monsoy,200,106,primary
2025-09-16T04:20:03.363Z,https://www.agro.bayer.com.br/marcas/agroceres,200,99,primary
2025-09-16T04:41:28.201Z,https://www.agro.bayer.com.br/,200,256,primary
2025-09-16T04:41:28.362Z,https://www.agro.bayer.com.br/fale-conosco,200,101,primary
2025-09-16T04:41:28.511Z,https://www.agro.bayer.com.br/impulso-bayer,200,114,primary
2025-09-16T04:41:28.667Z,https://www.agro.bayer.com.br/produtos-protecao-cultivos,200,113,primary
2025-09-16T04:41:28.819Z,https://www.agro.bayer.com.br/valora-milho,200,114,primary
2025-09-16T04:41:28.959Z,https://www.agro.bayer.com.br/pro-carbono,200,104,primary
2025-09-16T04:41:29.080Z,https://www.agro.bayer.com.br/sementes,200,88,primary
2025-09-16T04:41:29.203Z,https://www.agro.bayer.com.br/d/fungicida-bcs-xivana-smart-br,200,89,primary
2025-09-16T04:41:29.329Z,https://www.agro.bayer.com.br/d/fungicida-bcs-nativo-plus-br,200,89,primary
2025-09-16T04:41:29.481Z,https://www.agro.bayer.com.br/d/fungicida-bcs-nativo-br,200,120,primary
2025-09-16T04:41:29.600Z,https://www.agro.bayer.com.br/d/inseticida-bcs-sivanto-prime-200-sl-br,200,87,primary
2025-09-16T04:41:29.716Z,https://www.agro.bayer.com.br/d/inseticida-bcs-curbix-200-sc-br,200,87,primary
2025-09-16T04:41:29.843Z,https://www.agro.bayer.com.br/d/herbicida-bcs-roundup-original-mais-br,200,97,primary
2025-09-16T04:41:29.967Z,https://www.agro.bayer.com.br/d/herbicida-bcs-roundup-transorb-r-br,200,90,primary
2025-09-16T04:41:30.082Z,https://www.agro.bayer.com.br/d/herbicida-bcs-roundup-ultra-br,200,87,primary
2025-09-16T04:41:30.206Z,https://www.agro.bayer.com.br/d/herbicida-bcs-roundup-wg-br,200,93,primary
2025-09-16T04:41:30.336Z,https://www.agro.bayer.com.br/marcas/xivana-smart,200,98,primary
2025-09-16T04:41:30.458Z,https://www.agro.bayer.com.br/marcas/nativo-plus,200,94,primary
2025-09-16T04:41:30.582Z,https://www.agro.bayer.com.br/marcas/adengo,200,93,primary
2025-09-16T04:41:30.709Z,https://www.agro.bayer.com.br/marcas/curbix,200,97,primary
2025-09-16T04:41:30.840Z,https://www.agro.bayer.com.br/marcas/fox-xpro,200,100,primary
2025-09-16T04:41:30.974Z,https://www.agro.bayer.com.br/roundup,200,102,primary
2025-09-16T04:41:31.101Z,https://www.agro.bayer.com.br/marcas/verango-prime,200,96,primary
2025-09-16T04:41:31.214Z,https://www.agro.bayer.com.br/d/nematicida-bcs-verango-prime-br,200,84,primary
2025-09-16T04:41:31.332Z,https://www.agro.bayer.com.br/d/fungicida-bcs-verango-prime-fungicida-br,200,87,primary
2025-09-16T04:41:31.468Z,https://www.agro.bayer.com.br/cafeicultura,200,105,primary
2025-09-16T04:41:31.587Z,https://www.agro.bayer.com.br/conteudos-do-agro,200,89,primary
2025-09-16T04:41:31.730Z,https://www.agro.bayer.com.br/conteudos,200,108,primary
2025-09-16T04:41:31.867Z,https://www.agro.bayer.com.br/conteudos-impulso-bayer,200,108,primary
2025-09-16T04:41:31.988Z,https://www.agro.bayer.com.br/seedgrowth,200,92,primary
2025-09-16T04:41:32.124Z,https://www.agro.bayer.com.br/bayer-directo,200,102,primary
2025-09-16T04:41:32.252Z,https://www.agro.bayer.com.br/agricultura-digital,200,97,primary
2025-09-16T04:41:32.386Z,https://www.agro.bayer.com.br/cashback/como-funciona,200,99,primary
2025-09-16T04:41:32.534Z,https://www.agro.bayer.com.br/alvos-e-culturas,200,113,primary
2025-09-16T04:41:32.763Z,https://www.agro.bayer.com.br/marcas/agroeste,200,199,primary
2025-09-16T04:41:32.890Z,https://www.agro.bayer.com.br/marcas/dekalb,200,97,primary
2025-09-16T04:41:33.011Z,https://www.agro.bayer.com.br/marcas/deltapine,200,89,primary
2025-09-16T04:41:33.166Z,https://www.agro.bayer.com.br/marcas/monsoy,200,112,primary
2025-09-16T04:41:33.297Z,https://www.agro.bayer.com.br/marcas/agroceres,200,101,primary
2025-09-16T05:16:47.107Z,https://www.agro.bayer.com.br/,200,2120,primary
2025-09-16T05:16:49.015Z,https://www.agro.bayer.com.br/fale-conosco,200,1826,primary
2025-09-16T05:16:50.864Z,https://www.agro.bayer.com.br/impulso-bayer,200,1792,primary
2025-09-16T05:16:51.110Z,https://www.agro.bayer.com.br/produtos-protecao-cultivos,200,109,primary
2025-09-16T05:16:53.272Z,https://www.agro.bayer.com.br/valora-milho,200,2065,primary
2025-09-16T05:16:55.164Z,https://www.agro.bayer.com.br/pro-carbono,200,1850,primary
2025-09-16T05:16:55.311Z,https://www.agro.bayer.com.br/sementes,200,98,primary
2025-09-16T05:16:55.525Z,https://www.agro.bayer.com.br/d/fungicida-bcs-xivana-smart-br,200,173,primary
2025-09-16T05:16:55.665Z,https://www.agro.bayer.com.br/d/fungicida-bcs-nativo-plus-br,200,98,primary
2025-09-16T05:16:55.792Z,https://www.agro.bayer.com.br/d/fungicida-bcs-nativo-br,200,95,primary
2025-09-16T05:16:55.919Z,https://www.agro.bayer.com.br/d/inseticida-bcs-sivanto-prime-200-sl-br,200,90,primary
2025-09-16T05:16:56.046Z,https://www.agro.bayer.com.br/d/inseticida-bcs-curbix-200-sc-br,200,95,primary
2025-09-16T05:16:56.176Z,https://www.agro.bayer.com.br/d/herbicida-bcs-roundup-original-mais-br,200,97,primary
2025-09-16T05:16:56.305Z,https://www.agro.bayer.com.br/d/herbicida-bcs-roundup-transorb-r-br,200,93,primary
2025-09-16T05:16:58.570Z,https://www.agro.bayer.com.br/d/herbicida-bcs-roundup-ultra-br,200,2235,primary
2025-09-16T05:16:58.722Z,https://www.agro.bayer.com.br/d/herbicida-bcs-roundup-wg-br,200,107,primary
2025-09-16T05:17:00.096Z,https://www.agro.bayer.com.br/marcas/xivana-smart,200,1344,primary
2025-09-16T05:17:01.893Z,https://www.agro.bayer.com.br/marcas/nativo-plus,200,1758,primary
2025-09-16T05:17:03.871Z,https://www.agro.bayer.com.br/marcas/adengo,200,1916,primary
2025-09-16T05:17:05.690Z,https://www.agro.bayer.com.br/marcas/curbix,200,1722,primary
2025-09-16T05:17:07.140Z,https://www.agro.bayer.com.br/marcas/fox-xpro,200,1412,primary
2025-09-16T05:17:09.053Z,https://www.agro.bayer.com.br/roundup,200,1875,primary
2025-09-16T05:17:10.445Z,https://www.agro.bayer.com.br/marcas/verango-prime,200,1347,primary
2025-09-16T05:17:10.577Z,https://www.agro.bayer.com.br/d/nematicida-bcs-verango-prime-br,200,93,primary
2025-09-16T05:17:10.709Z,https://www.agro.bayer.com.br/d/fungicida-bcs-verango-prime-fungicida-br,200,96,primary
2025-09-16T05:17:12.647Z,https://www.agro.bayer.com.br/cafeicultura,200,1906,primary
2025-09-16T05:17:14.536Z,https://www.agro.bayer.com.br/conteudos-do-agro,200,1852,primary
2025-09-16T05:17:18.496Z,https://www.agro.bayer.com.br/conteudos,200,3911,primary
2025-09-16T05:17:22.214Z,https://www.agro.bayer.com.br/conteudos-impulso-bayer,200,3680,primary
2025-09-16T05:17:24.131Z,https://www.agro.bayer.com.br/seedgrowth,200,1872,primary
2025-09-16T05:17:26.033Z,https://www.agro.bayer.com.br/bayer-directo,200,1849,primary
2025-09-16T05:17:28.182Z,https://www.agro.bayer.com.br/agricultura-digital,200,2105,primary
2025-09-16T05:17:30.056Z,https://www.agro.bayer.com.br/cashback/como-funciona,200,1805,primary
2025-09-16T05:17:34.088Z,https://www.agro.bayer.com.br/alvos-e-culturas,200,3994,primary
2025-09-16T05:17:36.243Z,https://www.agro.bayer.com.br/marcas/agroeste,200,2097,primary
2025-09-16T05:17:37.630Z,https://www.agro.bayer.com.br/marcas/dekalb,200,1322,primary
2025-09-16T05:17:38.995Z,https://www.agro.bayer.com.br/marcas/deltapine,200,1318,primary
2025-09-16T05:17:40.659Z,https://www.agro.bayer.com.br/marcas/monsoy,200,1607,primary
2025-09-16T05:17:42.494Z,https://www.agro.bayer.com.br/marcas/agroceres,200,1780,primary
2025-09-16T05:39:17.924Z,https://www.agro.bayer.com.br/,200,295,primary
2025-09-16T05:39:19.701Z,https://www.agro.bayer.com.br/fale-conosco,200,1720,primary
2025-09-16T05:39:21.349Z,https://www.agro.bayer.com.br/impulso-bayer,200,1581,primary
2025-09-16T05:39:21.507Z,https://www.agro.bayer.com.br/produtos-protecao-cultivos,200,109,primary
2025-09-16T05:39:23.397Z,https://www.agro.bayer.com.br/valora-milho,200,1824,primary
2025-09-16T05:39:25.316Z,https://www.agro.bayer.com.br/pro-carbono,200,1877,primary
2025-09-16T05:39:25.449Z,https://www.agro.bayer.com.br/sementes,200,87,primary
2025-09-16T05:39:25.576Z,https://www.agro.bayer.com.br/d/fungicida-bcs-xivana-smart-br,200,94,primary
2025-09-16T05:39:25.699Z,https://www.agro.bayer.com.br/d/fungicida-bcs-nativo-plus-br,200,89,primary
2025-09-16T05:39:25.819Z,https://www.agro.bayer.com.br/d/fungicida-bcs-nativo-br,200,87,primary
2025-09-16T05:39:25.951Z,https://www.agro.bayer.com.br/d/inseticida-bcs-sivanto-prime-200-sl-br,200,89,primary
2025-09-16T05:39:26.078Z,https://www.agro.bayer.com.br/d/inseticida-bcs-curbix-200-sc-br,200,93,primary
2025-09-16T05:39:26.238Z,https://www.agro.bayer.com.br/d/herbicida-bcs-roundup-original-mais-br,200,93,primary
2025-09-16T05:39:26.362Z,https://www.agro.bayer.com.br/d/herbicida-bcs-roundup-transorb-r-br,200,91,primary
2025-09-16T05:39:26.485Z,https://www.agro.bayer.com.br/d/herbicida-bcs-roundup-ultra-br,200,91,primary
2025-09-16T05:39:26.609Z,https://www.agro.bayer.com.br/d/herbicida-bcs-roundup-wg-br,200,92,primary
2025-09-16T05:39:28.197Z,https://www.agro.bayer.com.br/marcas/xivana-smart,200,1558,primary
2025-09-16T05:39:30.118Z,https://www.agro.bayer.com.br/marcas/nativo-plus,200,1880,primary
2025-09-16T05:39:31.959Z,https://www.agro.bayer.com.br/marcas/adengo,200,1798,primary
2025-09-16T05:39:34.444Z,https://www.agro.bayer.com.br/marcas/curbix,200,2448,primary
2025-09-16T05:39:36.328Z,https://www.agro.bayer.com.br/marcas/fox-xpro,200,1822,primary
2025-09-16T05:39:36.481Z,https://www.agro.bayer.com.br/roundup,200,110,primary
2025-09-16T05:39:38.210Z,https://www.agro.bayer.com.br/marcas/verango-prime,200,1694,primary
2025-09-16T05:39:38.337Z,https://www.agro.bayer.com.br/d/nematicida-bcs-verango-prime-br,200,86,primary
2025-09-16T05:39:38.469Z,https://www.agro.bayer.com.br/d/fungicida-bcs-verango-prime-fungicida-br,200,95,primary
2025-09-16T05:39:40.092Z,https://www.agro.bayer.com.br/cafeicultura,200,1592,primary
2025-09-16T05:39:41.994Z,https://www.agro.bayer.com.br/conteudos-do-agro,200,1725,primary
2025-09-16T05:39:46.035Z,https://www.agro.bayer.com.br/conteudos,200,3997,primary
2025-09-16T05:39:49.743Z,https://www.agro.bayer.com.br/conteudos-impulso-bayer,200,3656,primary
2025-09-16T05:39:51.530Z,https://www.agro.bayer.com.br/seedgrowth,200,1744,primary
2025-09-16T05:39:53.436Z,https://www.agro.bayer.com.br/bayer-directo,200,1865,primary
2025-09-16T05:39:55.066Z,https://www.agro.bayer.com.br/agricultura-digital,200,1581,primary
2025-09-16T05:39:56.811Z,https://www.agro.bayer.com.br/cashback/como-funciona,200,1701,primary
2025-09-16T05:39:58.205Z,https://www.agro.bayer.com.br/alvos-e-culturas,200,1351,primary
2025-09-16T05:39:58.347Z,https://www.agro.bayer.com.br/marcas/agroeste,200,110,primary
2025-09-16T05:39:59.969Z,https://www.agro.bayer.com.br/marcas/dekalb,200,1568,primary
2025-09-16T05:40:01.618Z,https://www.agro.bayer.com.br/marcas/deltapine,200,1618,primary
2025-09-16T05:40:01.769Z,https://www.agro.bayer.com.br/marcas/monsoy,200,107,primary
2025-09-16T05:40:01.906Z,https://www.agro.bayer.com.br/marcas/agroceres,200,103,primary
2025-09-16T06:25:54.736Z,https://www.agro.bayer.com.br/,200,456,primary
2025-09-16T06:25:54.941Z,https://www.agro.bayer.com.br/fale-conosco,200,141,primary
2025-09-16T06:25:55.122Z,https://www.agro.bayer.com.br/impulso-bayer,200,139,primary
2025-09-16T06:25:55.315Z,https://www.agro.bayer.com.br/produtos-protecao-cultivos,200,142,primary
2025-09-16T06:25:55.513Z,https://www.agro.bayer.com.br/valora-milho,200,155,primary
2025-09-16T06:25:55.752Z,https://www.agro.bayer.com.br/pro-carbono,200,206,primary
2025-09-16T06:25:55.912Z,https://www.agro.bayer.com.br/sementes,200,128,primary
2025-09-16T06:25:56.076Z,https://www.agro.bayer.com.br/d/fungicida-bcs-xivana-smart-br,200,129,primary
2025-09-16T06:25:56.242Z,https://www.agro.bayer.com.br/d/fungicida-bcs-nativo-plus-br,200,130,primary
2025-09-16T06:25:56.406Z,https://www.agro.bayer.com.br/d/fungicida-bcs-nativo-br,200,129,primary
2025-09-16T06:25:56.572Z,https://www.agro.bayer.com.br/d/inseticida-bcs-sivanto-prime-200-sl-br,200,128,primary
2025-09-16T06:25:56.737Z,https://www.agro.bayer.com.br/d/inseticida-bcs-curbix-200-sc-br,200,129,primary
2025-09-16T06:25:56.900Z,https://www.agro.bayer.com.br/d/herbicida-bcs-roundup-original-mais-br,200,132,primary
2025-09-16T06:25:57.058Z,https://www.agro.bayer.com.br/d/herbicida-bcs-roundup-transorb-r-br,200,127,primary
2025-09-16T06:25:57.224Z,https://www.agro.bayer.com.br/d/herbicida-bcs-roundup-ultra-br,200,132,primary
2025-09-16T06:25:57.391Z,https://www.agro.bayer.com.br/d/herbicida-bcs-roundup-wg-br,200,130,primary
2025-09-16T06:25:57.556Z,https://www.agro.bayer.com.br/marcas/xivana-smart,200,129,primary
2025-09-16T06:25:57.751Z,https://www.agro.bayer.com.br/marcas/nativo-plus,200,156,primary
2025-09-16T06:25:57.945Z,https://www.agro.bayer.com.br/marcas/adengo,200,152,primary
2025-09-16T06:25:58.123Z,https://www.agro.bayer.com.br/marcas/curbix,200,144,primary
2025-09-16T06:25:58.305Z,https://www.agro.bayer.com.br/marcas/fox-xpro,200,146,primary
2025-09-16T06:25:58.496Z,https://www.agro.bayer.com.br/roundup,200,153,primary
2025-09-16T06:25:58.675Z,https://www.agro.bayer.com.br/marcas/verango-prime,200,146,primary
2025-09-16T06:25:58.837Z,https://www.agro.bayer.com.br/d/nematicida-bcs-verango-prime-br,200,126,primary
2025-09-16T06:25:58.991Z,https://www.agro.bayer.com.br/d/fungicida-bcs-verango-prime-fungicida-br,200,124,primary
2025-09-16T06:25:59.203Z,https://www.agro.bayer.com.br/cafeicultura,200,147,primary
2025-09-16T06:25:59.381Z,https://www.agro.bayer.com.br/conteudos-do-agro,200,147,primary
2025-09-16T06:25:59.560Z,https://www.agro.bayer.com.br/conteudos,200,149,primary
2025-09-16T06:25:59.742Z,https://www.agro.bayer.com.br/conteudos-impulso-bayer,200,152,primary
2025-09-16T06:26:00.004Z,https://www.agro.bayer.com.br/seedgrowth,200,129,primary
2025-09-16T06:26:00.170Z,https://www.agro.bayer.com.br/bayer-directo,200,136,primary
2025-09-16T06:26:00.400Z,https://www.agro.bayer.com.br/agricultura-digital,200,202,primary
2025-09-16T06:26:00.587Z,https://www.agro.bayer.com.br/cashback/como-funciona,200,157,primary
2025-09-16T06:26:00.773Z,https://www.agro.bayer.com.br/alvos-e-culturas,200,157,primary
2025-09-16T06:26:00.951Z,https://www.agro.bayer.com.br/marcas/agroeste,200,145,primary
2025-09-16T06:26:01.118Z,https://www.agro.bayer.com.br/marcas/dekalb,200,137,primary
2025-09-16T06:26:01.276Z,https://www.agro.bayer.com.br/marcas/deltapine,200,129,primary
2025-09-16T06:26:01.454Z,https://www.agro.bayer.com.br/marcas/monsoy,200,148,primary
2025-09-16T06:26:01.621Z,https://www.agro.bayer.com.br/marcas/agroceres,200,137,primary
2025-09-16T06:49:15.807Z,https://www.agro.bayer.com.br/,200,273,primary
2025-09-16T06:49:15.982Z,https://www.agro.bayer.com.br/fale-conosco,200,107,primary
2025-09-16T06:49:16.121Z,https://www.agro.bayer.com.br/impulso-bayer,200,100,primary
2025-09-16T06:49:16.253Z,https://www.agro.bayer.com.br/produtos-protecao-cultivos,200,98,primary
2025-09-16T06:49:16.418Z,https://www.agro.bayer.com.br/valora-milho,200,132,primary
2025-09-16T06:49:16.585Z,https://www.agro.bayer.com.br/pro-carbono,200,113,primary
2025-09-16T06:49:16.704Z,https://www.agro.bayer.com.br/sementes,200,87,primary
2025-09-16T06:49:16.835Z,https://www.agro.bayer.com.br/d/fungicida-bcs-xivana-smart-br,200,95,primary
2025-09-16T06:49:16.955Z,https://www.agro.bayer.com.br/d/fungicida-bcs-nativo-plus-br,200,88,primary
2025-09-16T06:49:17.074Z,https://www.agro.bayer.com.br/d/fungicida-bcs-nativo-br,200,88,primary
2025-09-16T06:49:17.190Z,https://www.agro.bayer.com.br/d/inseticida-bcs-sivanto-prime-200-sl-br,200,86,primary
2025-09-16T06:49:17.307Z,https://www.agro.bayer.com.br/d/inseticida-bcs-curbix-200-sc-br,200,87,primary
2025-09-16T06:49:17.425Z,https://www.agro.bayer.com.br/d/herbicida-bcs-roundup-original-mais-br,200,89,primary
2025-09-16T06:49:17.552Z,https://www.agro.bayer.com.br/d/herbicida-bcs-roundup-transorb-r-br,200,96,primary
2025-09-16T06:49:17.695Z,https://www.agro.bayer.com.br/d/herbicida-bcs-roundup-ultra-br,200,88,primary
2025-09-16T06:49:17.816Z,https://www.agro.bayer.com.br/d/herbicida-bcs-roundup-wg-br,200,93,primary
2025-09-16T06:49:17.936Z,https://www.agro.bayer.com.br/marcas/xivana-smart,200,89,primary
2025-09-16T06:49:18.067Z,https://www.agro.bayer.com.br/marcas/nativo-plus,200,100,primary
2025-09-16T06:49:18.189Z,https://www.agro.bayer.com.br/marcas/adengo,200,91,primary
2025-09-16T06:49:18.318Z,https://www.agro.bayer.com.br/marcas/curbix,200,97,primary
2025-09-16T06:49:18.450Z,https://www.agro.bayer.com.br/marcas/fox-xpro,200,101,primary
2025-09-16T06:49:18.595Z,https://www.agro.bayer.com.br/roundup,200,114,primary
2025-09-16T06:49:18.721Z,https://www.agro.bayer.com.br/marcas/verango-prime,200,96,primary
2025-09-16T06:49:18.837Z,https://www.agro.bayer.com.br/d/nematicida-bcs-verango-prime-br,200,85,primary
2025-09-16T06:49:18.960Z,https://www.agro.bayer.com.br/d/fungicida-bcs-verango-prime-fungicida-br,200,92,primary
2025-09-16T06:49:19.093Z,https://www.agro.bayer.com.br/cafeicultura,200,102,primary
2025-09-16T06:49:19.207Z,https://www.agro.bayer.com.br/conteudos-do-agro,200,87,primary
2025-09-16T06:49:19.344Z,https://www.agro.bayer.com.br/conteudos,200,107,primary
2025-09-16T06:49:19.478Z,https://www.agro.bayer.com.br/conteudos-impulso-bayer,200,105,primary
2025-09-16T06:49:19.595Z,https://www.agro.bayer.com.br/seedgrowth,200,87,primary
2025-09-16T06:49:19.739Z,https://www.agro.bayer.com.br/bayer-directo,200,114,primary
2025-09-16T06:49:19.867Z,https://www.agro.bayer.com.br/agricultura-digital,200,100,primary
2025-09-16T06:49:20.014Z,https://www.agro.bayer.com.br/cashback/como-funciona,200,108,primary
2025-09-16T06:49:20.162Z,https://www.agro.bayer.com.br/alvos-e-culturas,200,115,primary
2025-09-16T06:49:20.293Z,https://www.agro.bayer.com.br/marcas/agroeste,200,105,primary
2025-09-16T06:49:20.419Z,https://www.agro.bayer.com.br/marcas/dekalb,200,97,primary
2025-09-16T06:49:20.537Z,https://www.agro.bayer.com.br/marcas/deltapine,200,89,primary
2025-09-16T06:49:20.673Z,https://www.agro.bayer.com.br/marcas/monsoy,200,106,primary
2025-09-16T06:49:20.801Z,https://www.agro.bayer.com.br/marcas/agroceres,200,100,primary
2025-09-16T07:18:03.944Z,https://www.agro.bayer.com.br/,200,316,primary
2025-09-16T07:18:04.128Z,https://www.agro.bayer.com.br/fale-conosco,200,98,primary
2025-09-16T07:18:04.260Z,https://www.agro.bayer.com.br/impulso-bayer,200,98,primary
2025-09-16T07:18:04.414Z,https://www.agro.bayer.com.br/produtos-protecao-cultivos,200,115,primary
2025-09-16T07:18:04.571Z,https://www.agro.bayer.com.br/valora-milho,200,122,primary
2025-09-16T07:18:04.701Z,https://www.agro.bayer.com.br/pro-carbono,200,99,primary
2025-09-16T07:18:04.821Z,https://www.agro.bayer.com.br/sementes,200,88,primary
2025-09-16T07:18:04.939Z,https://www.agro.bayer.com.br/d/fungicida-bcs-xivana-smart-br,200,86,primary
2025-09-16T07:18:05.059Z,https://www.agro.bayer.com.br/d/fungicida-bcs-nativo-plus-br,200,89,primary
2025-09-16T07:18:05.182Z,https://www.agro.bayer.com.br/d/fungicida-bcs-nativo-br,200,88,primary
2025-09-16T07:18:05.299Z,https://www.agro.bayer.com.br/d/inseticida-bcs-sivanto-prime-200-sl-br,200,86,primary
2025-09-16T07:18:05.489Z,https://www.agro.bayer.com.br/d/inseticida-bcs-curbix-200-sc-br,200,109,primary
2025-09-16T07:18:05.613Z,https://www.agro.bayer.com.br/d/herbicida-bcs-roundup-original-mais-br,200,94,primary
2025-09-16T07:18:05.732Z,https://www.agro.bayer.com.br/d/herbicida-bcs-roundup-transorb-r-br,200,87,primary
2025-09-16T07:18:05.848Z,https://www.agro.bayer.com.br/d/herbicida-bcs-roundup-ultra-br,200,87,primary
2025-09-16T07:18:05.967Z,https://www.agro.bayer.com.br/d/herbicida-bcs-roundup-wg-br,200,89,primary
2025-09-16T07:18:06.095Z,https://www.agro.bayer.com.br/marcas/xivana-smart,200,94,primary
2025-09-16T07:18:06.221Z,https://www.agro.bayer.com.br/marcas/nativo-plus,200,93,primary
2025-09-16T07:18:06.367Z,https://www.agro.bayer.com.br/marcas/adengo,200,115,primary
2025-09-16T07:18:06.500Z,https://www.agro.bayer.com.br/marcas/curbix,200,102,primary
2025-09-16T07:18:06.635Z,https://www.agro.bayer.com.br/marcas/fox-xpro,200,105,primary
2025-09-16T07:18:06.774Z,https://www.agro.bayer.com.br/roundup,200,108,primary
2025-09-16T07:18:06.903Z,https://www.agro.bayer.com.br/marcas/verango-prime,200,101,primary
2025-09-16T07:18:07.020Z,https://www.agro.bayer.com.br/d/nematicida-bcs-verango-prime-br,200,87,primary
2025-09-16T07:18:07.137Z,https://www.agro.bayer.com.br/d/fungicida-bcs-verango-prime-fungicida-br,200,85,primary
2025-09-16T07:18:07.278Z,https://www.agro.bayer.com.br/cafeicultura,200,110,primary
2025-09-16T07:18:07.420Z,https://www.agro.bayer.com.br/conteudos-do-agro,200,108,primary
2025-09-16T07:18:07.564Z,https://www.agro.bayer.com.br/conteudos,200,113,primary
2025-09-16T07:18:07.707Z,https://www.agro.bayer.com.br/conteudos-impulso-bayer,200,113,primary
2025-09-16T07:18:07.822Z,https://www.agro.bayer.com.br/seedgrowth,200,86,primary
2025-09-16T07:18:07.949Z,https://www.agro.bayer.com.br/bayer-directo,200,98,primary
2025-09-16T07:18:08.077Z,https://www.agro.bayer.com.br/agricultura-digital,200,93,primary
2025-09-16T07:18:08.205Z,https://www.agro.bayer.com.br/cashback/como-funciona,200,93,primary
2025-09-16T07:18:08.348Z,https://www.agro.bayer.com.br/alvos-e-culturas,200,113,primary
2025-09-16T07:18:08.484Z,https://www.agro.bayer.com.br/marcas/agroeste,200,106,primary
2025-09-16T07:18:08.611Z,https://www.agro.bayer.com.br/marcas/dekalb,200,97,primary
2025-09-16T07:18:08.728Z,https://www.agro.bayer.com.br/marcas/deltapine,200,89,primary
2025-09-16T07:18:08.868Z,https://www.agro.bayer.com.br/marcas/monsoy,200,106,primary
2025-09-16T07:18:08.997Z,https://www.agro.bayer.com.br/marcas/agroceres,200,99,primary
